UserID,CourseID,Sequence,Freq_Course_View,Freq_Forum_Consume,Freq_Forum_Contribute,Freq_Lecture_View,Regularity_Course_View,Regularity_Lecture_View,Regularity_Forum_Consume,Regularity_Forum_Contribute,Session_Count,Total_Duration,Active_Days,Final_Grade
D2C5F64E,C6107FC4,1,150,251,79,132,0.42,0.38,0.18,0.83,121,53330,12,50.04
D2C5F64E,4C3F37F0,2,98,84,17,108,0.26,0.49,0.11,0.03,53,14465,5,38.86
D2C5F64E,E54A52A3,3,254,354,34,284,0.29,0.56,0.14,0.07,159,64324,12,44.73
D2C5F64E,AB7EC624,4,332,825,185,256,0.63,0.84,0.53,0.53,287,122821,19,48.99
D2C5F64E,B0E95213,5,386,960,233,356,0.74,0.8,0.75,0.56,321,148792,23,47.84
D2C5F64E,3DE2A32B,6,261,1026,208,154,0.37,0.52,0.45,0.54,212,121008,15,52.19
D2C5F64E,D7DF3685,7,250,652,171,239,0.44,0.64,0.39,0.34,191,85067,16,59.39
D2C5F64E,ECD1AFC8,8,287,697,161,230,0.55,0.65,0.36,0.23,206,92707,24,62.48
D7E3D0DC,B51E1259,1,186,597,171,202,0.3,0.44,0.36,0.38,174,79427,13,48.9
D7E3D0DC,C473D477,2,241,580,188,261,0.45,0.49,0.37,0.37,182,81394,14,54.95
D7E3D0DC,0B301F55,3,92,163,49,125,0.12,0.16,0.05,0.84,27,22447,3,66.25
D7E3D0DC,C7FCE169,4,234,672,218,265,0.36,0.34,0.49,0.58,161,98695,13,47.95
D7E3D0DC,00F0AFF5,5,271,622,196,282,0.35,0.36,0.41,0.44,177,80955,14,46.8
D7E3D0DC,7AD1EA25,6,190,594,193,186,0.4,0.21,0.43,0.41,149,92087,13,47.62
D7E3D0DC,42670932,7,213,502,156,276,0.34,0.47,0.2,0.18,151,72502,11,54.9
D7E3D0DC,2E7F80D3,8,250,650,185,293,0.51,0.61,0.59,0.35,224,70747,19,65.36
2926CF64,B51E1259,1,39,187,70,162,0.08,0.2,0.08,0.08,48,40789,4,58.25
2926CF64,C473D477,2,144,311,96,156,0.24,0.32,0.2,0.31,111,49676,6,56.96
2926CF64,C7FCE169,3,95,238,78,134,0.09,0.18,0.89,0.85,79,36888,6,37
2926CF64,00F0AFF5,4,58,279,87,101,0.09,0.09,0.89,0.85,74,35862,5,46.8
2926CF64,7AD1EA25,5,121,376,102,116,0.18,0.3,0.23,0.32,110,43058,7,48.64
2926CF64,42670932,6,88,330,102,140,0.26,0.36,0.14,0.27,104,56482,8,47.13
2926CF64,2E7F80D3,7,98,227,82,89,0.15,0.1,0.17,0.91,46,53737,6,40
2926CF64,79ED6873,8,32,176,52,117,0.1,0.12,0.06,0.06,40,19604,4,45.67
985AFF35,B51E1259,1,82,289,80,85,0.26,0.9,0.38,0.29,104,42966,8,54.19
985AFF35,C473D477,2,134,314,88,111,0.24,0.26,0.39,0.27,120,48060,7,55.99
985AFF35,0B301F55,3,191,366,104,194,0.4,0.39,0.35,0.13,111,51671,11,64.94
985AFF35,2BEA9279,4,200,421,137,142,0.26,0.35,0.25,0.44,112,54962,11,62.62
985AFF35,2E7F80D3,5,162,368,152,230,0.33,0.5,0.17,0.35,110,46130,13,61.1
985AFF35,79ED6873,6,141,196,60,184,0.2,0.34,0.25,0.17,69,28343,7,60.64
985AFF35,702CCDB0,7,169,310,100,186,0.32,0.36,0.27,0.17,109,53278,12,56.22
985AFF35,CBE4E412,8,210,424,97,252,0.51,0.61,0.33,0.15,150,61590,18,46.43
F89100C7,B51E1259,1,200,542,127,144,0.41,0.31,0.38,0.45,145,72947,12,58.25
F89100C7,C473D477,2,185,488,117,213,0.51,0.32,0.46,0.3,158,70516,12,56.96
F89100C7,C7FCE169,3,175,412,133,168,0.5,0.42,0.39,0.44,146,76491,13,58.73
F89100C7,00F0AFF5,4,204,460,113,155,0.43,0.47,0.29,0.36,163,82169,13,46.8
F89100C7,7AD1EA25,5,201,483,129,125,0.4,0.38,0.37,0.36,176,70430,14,50.24
F89100C7,42670932,6,150,449,124,210,0.37,0.28,0.38,0.22,157,62951,15,51.44
F89100C7,79ED6873,7,171,346,91,184,0.45,0.44,0.36,0.37,151,71433,14,60.64
F89100C7,702CCDB0,8,177,322,117,182,0.39,0.36,0.3,0.4,123,59577,11,55.09
AB944042,4C3F37F0,1,161,373,131,111,0.35,0.35,0.39,0.32,103,58532,10,59.55
AB944042,E54A52A3,2,140,496,181,169,0.37,0.32,0.38,0.43,132,71998,11,54.14
AB944042,AB7EC624,3,189,497,159,151,0.5,0.39,0.59,0.68,182,62563,13,61.8
AB944042,B0E95213,4,192,494,174,193,0.43,0.4,0.58,0.22,149,75719,14,60.35
AB944042,0B301F55,5,176,475,159,178,0.37,0.34,0.38,0.47,143,77468,14,54.67
AB944042,2BEA9279,6,150,398,141,142,0.29,0.19,0.42,0.46,124,44120,9,52.08
AB944042,2E7F80D3,7,112,618,152,147,0.33,0.33,0.46,0.35,135,83099,10,52.41
AB944042,79ED6873,8,130,352,101,173,0.35,0.32,0.31,0.36,96,51447,11,64.11
ED560D33,B51E1259,1,97,262,103,202,0.26,0.32,0.27,0.29,90,54137,7,58.25
ED560D33,C473D477,2,175,268,82,292,0.37,0.49,0.21,0.15,133,61295,12,55.99
ED560D33,0B301F55,3,187,154,49,288,0.18,0.46,0.89,0.85,81,40023,5,57.13
ED560D33,C7FCE169,4,310,350,101,336,0.48,0.72,0.12,0.09,248,91502,14,61.28
ED560D33,00F0AFF5,5,278,331,95,344,0.48,0.66,0.16,0.12,223,96129,14,46.8
ED560D33,7AD1EA25,6,201,338,93,285,0.28,0.46,0.19,0.17,163,58696,10,63.75
ED560D33,42670932,7,112,409,107,150,0.17,0.34,0.32,0.41,104,62350,9,55.59
ED560D33,79ED6873,8,275,124,38,302,0.57,0.79,0.95,0.93,221,78985,20,60.64
06AC3EDE,4C3F37F0,1,192,598,186,146,0.42,0.29,0.58,0.65,200,85093,16,70.27
06AC3EDE,E54A52A3,2,135,409,138,209,0.42,0.46,0.48,0.75,164,61332,14,61.51
06AC3EDE,AB7EC624,3,163,457,151,232,0.45,0.34,0.52,0.51,156,69140,14,72.46
06AC3EDE,B0E95213,4,173,548,164,135,0.37,0.39,0.34,0.5,175,69877,12,70.25
06AC3EDE,0B301F55,5,161,509,165,198,0.48,0.2,0.55,0.56,141,70023,14,82.19
06AC3EDE,2BEA9279,6,244,469,174,201,0.37,0.38,0.39,0.5,150,79920,15,76.65
06AC3EDE,2E7F80D3,7,227,545,162,173,0.36,0.38,0.61,0.62,173,57357,15,69.42
06AC3EDE,79ED6873,8,194,662,190,184,0.47,0.33,0.64,0.54,168,86084,13,70.78
FE2E4C85,4C3F37F0,1,288,796,218,274,0.68,0.65,0.54,0.34,225,110652,21,81.44
FE2E4C85,E54A52A3,2,285,695,172,241,0.65,0.77,0.44,0.5,233,95676,19,84.83
FE2E4C85,AB7EC624,3,264,754,224,225,0.45,0.53,0.48,0.38,217,94344,16,78.78
FE2E4C85,B0E95213,4,268,642,211,249,0.82,0.76,0.35,0.41,242,97705,23,78.19
FE2E4C85,0B301F55,5,279,788,209,238,0.59,0.61,0.59,0.59,254,104292,18,98.14
FE2E4C85,2BEA9279,6,267,874,230,201,0.46,0.61,0.59,0.42,240,111634,18,78.26
FE2E4C85,2E7F80D3,7,318,932,230,264,0.56,0.65,0.59,0.78,251,130809,21,75.82
FE2E4C85,79ED6873,8,262,762,210,233,0.63,0.64,0.62,0.61,235,99151,17,87.69
51A82B85,4C3F37F0,1,273,784,163,186,0.87,0.69,0.78,0.59,269,104643,26,81.44
51A82B85,E54A52A3,2,328,903,186,163,0.92,0.55,0.84,0.63,296,117039,28,84.83
51A82B85,AB7EC624,3,259,774,161,220,0.68,0.57,0.69,0.48,264,98470,22,76.76
51A82B85,B0E95213,4,252,795,202,177,0.83,0.51,0.8,0.68,237,85666,23,81.15
51A82B85,0B301F55,5,219,648,155,152,0.58,0.41,0.56,0.37,197,81575,19,76.81
51A82B85,2BEA9279,6,210,666,164,187,0.62,0.28,0.7,0.31,215,89748,18,76.65
51A82B85,2E7F80D3,7,171,631,198,147,0.45,0.45,0.55,0.61,145,68961,15,69.42
51A82B85,79ED6873,8,212,898,242,203,0.64,0.48,0.69,0.64,218,116278,20,80.13
A9D91207,4C3F37F0,1,240,683,283,146,0.55,0.48,0.56,0.63,212,92509,17,67.35
A9D91207,E54A52A3,2,265,653,284,256,0.64,0.57,0.51,0.63,216,108352,19,68.61
A9D91207,AB7EC624,3,230,794,324,152,0.48,0.33,0.51,0.72,201,101598,18,69.09
A9D91207,B0E95213,4,265,853,347,212,0.54,0.53,0.57,0.75,240,100014,19,67.69
A9D91207,0B301F55,5,241,678,237,115,0.5,0.34,0.46,0.44,179,89316,18,56.17
A9D91207,2BEA9279,6,277,657,219,190,0.54,0.63,0.53,0.56,231,92933,17,60.55
A9D91207,2E7F80D3,7,295,719,274,219,0.53,0.59,0.41,0.58,239,107371,17,65.36
A9D91207,79ED6873,8,264,833,293,137,0.54,0.47,0.54,0.57,224,91836,14,60.64
065F7507,4C3F37F0,1,136,460,150,253,0.41,0.29,0.49,0.37,103,56258,12,66.67
065F7507,E54A52A3,2,135,301,77,159,0.3,0.45,0.39,0.38,80,37840,10,62.32
065F7507,AB7EC624,3,206,556,178,244,0.44,0.35,0.47,0.28,156,60123,14,71.84
065F7507,B0E95213,4,134,483,156,182,0.42,0.46,0.35,0.24,120,71716,12,64.86
065F7507,0B301F55,5,185,542,135,174,0.49,0.55,0.52,0.4,149,71490,16,59.58
065F7507,2BEA9279,6,205,590,156,187,0.5,0.5,0.59,0.37,160,76411,15,62.62
065F7507,2E7F80D3,7,191,631,152,198,0.49,0.43,0.65,0.35,155,97111,13,68.56
065F7507,79ED6873,8,102,387,117,178,0.39,0.27,0.39,0.37,96,42113,11,64.11
2DA4DA46,4C3F37F0,1,210,623,217,158,0.49,0.54,0.46,0.56,139,88006,16,68.07
2DA4DA46,E54A52A3,2,155,676,238,146,0.42,0.51,0.29,0.47,156,91724,13,64.71
2DA4DA46,AB7EC624,3,197,597,172,151,0.52,0.52,0.52,0.55,173,84963,14,67.31
2DA4DA46,B0E95213,4,153,666,222,158,0.39,0.3,0.39,0.78,133,77625,12,69.47
2DA4DA46,0B301F55,5,204,596,204,207,0.58,0.75,0.52,0.64,188,82634,18,66.25
2DA4DA46,2BEA9279,6,194,474,168,173,0.49,0.45,0.42,0.58,157,75933,17,65.58
2DA4DA46,2E7F80D3,7,162,585,218,132,0.6,0.55,0.44,0.6,155,72836,15,68.56
2DA4DA46,79ED6873,8,181,662,238,167,0.58,0.51,0.41,0.57,179,96189,15,70.78
B2BB60FE,4C3F37F0,1,114,214,51,80,0.16,0.07,0.26,0.44,82,24257,7,57.91
B2BB60FE,E54A52A3,2,169,478,197,60,0.28,0.11,0.5,0.39,132,38606,10,54.14
B2BB60FE,AB7EC624,3,165,287,110,134,0.4,0.3,0.46,0.38,124,36603,12,60.46
B2BB60FE,B0E95213,4,102,202,74,98,0.14,0.14,0.15,0.21,59,26492,6,47.26
B2BB60FE,3DE2A32B,5,183,228,76,126,0.31,0.43,0.26,0.13,132,42015,12,54.87
B2BB60FE,AE740D27,6,193,386,95,189,0.28,0.28,0.45,0.46,126,73746,12,57.96
B2BB60FE,0579A725,7,187,292,103,168,0.37,0.48,0.36,0.34,118,35238,8,51.99
B2BB60FE,B848294C,8,233,349,87,304,0.42,0.51,0.45,0.24,185,65350,15,50.58
0637AF03,4C3F37F0,1,339,958,226,235,0.48,0.44,0.58,0.52,244,129100,16,62.82
0637AF03,E54A52A3,2,307,889,238,212,0.7,0.65,0.46,0.51,231,134161,21,63.12
0637AF03,AB7EC624,3,304,955,208,235,0.6,0.41,0.57,0.81,258,125856,20,67.31
0637AF03,B0E95213,4,313,975,225,214,0.44,0.55,0.63,0.61,232,142398,17,65.94
0637AF03,0B301F55,5,315,878,211,217,0.62,0.45,0.59,0.67,260,118591,20,62.88
0637AF03,2BEA9279,6,274,673,158,256,0.72,0.55,0.71,0.52,251,99713,19,56.33
0637AF03,2E7F80D3,7,349,932,205,236,0.56,0.45,0.58,0.56,266,122421,21,66.29
0637AF03,79ED6873,8,336,887,192,214,0.67,0.57,0.67,0.52,275,121465,24,67.53
A9B1C803,4C3F37F0,1,207,526,216,229,0.51,0.43,0.57,0.69,176,74481,16,69.83
A9B1C803,E54A52A3,2,181,510,212,247,0.48,0.42,0.4,0.76,164,79505,13,68.61
A9B1C803,AB7EC624,3,226,538,203,173,0.49,0.35,0.47,0.57,175,84704,17,73.96
A9B1C803,B0E95213,4,195,471,199,225,0.44,0.45,0.37,0.54,171,76888,15,70.25
A9B1C803,0B301F55,5,194,427,173,250,0.53,0.59,0.4,0.38,179,56660,14,64.94
A9B1C803,2BEA9279,6,170,491,179,193,0.46,0.29,0.4,0.59,112,80878,11,72.91
A9B1C803,2E7F80D3,7,181,452,178,246,0.53,0.58,0.37,0.35,200,83693,17,70.17
A9B1C803,79ED6873,8,224,557,205,219,0.52,0.57,0.48,0.69,199,80671,16,67.53
7C6124C9,4C3F37F0,1,229,684,187,140,0.48,0.4,0.48,0.51,182,97235,16,62.82
7C6124C9,E54A52A3,2,222,767,177,180,0.53,0.48,0.6,0.72,202,119547,18,64.71
7C6124C9,AB7EC624,3,264,697,200,189,0.53,0.46,0.48,0.19,207,105683,19,67.31
7C6124C9,B0E95213,4,195,606,168,187,0.5,0.43,0.56,0.26,171,91780,14,62.03
7C6124C9,0B301F55,5,284,765,235,162,0.62,0.55,0.58,0.5,246,118825,18,62.88
7C6124C9,2BEA9279,6,248,633,177,204,0.69,0.54,0.51,0.27,217,93677,19,60.55
7C6124C9,2E7F80D3,7,171,804,265,81,0.44,0.21,0.72,0.71,165,91170,13,60.18
7C6124C9,79ED6873,8,300,807,256,184,0.53,0.46,0.69,0.74,230,123026,20,67.53
D3E743C9,4C3F37F0,1,193,632,207,92,0.4,0.25,0.46,0.46,148,76119,12,62.82
D3E743C9,E54A52A3,2,189,749,281,62,0.43,0.23,0.48,0.65,156,93419,14,65.48
D3E743C9,AB7EC624,3,152,526,202,131,0.38,0.89,0.38,0.22,101,75986,11,63.93
D3E743C9,B0E95213,4,153,590,178,93,0.28,0.14,0.43,0.51,107,61369,9,58.39
D3E743C9,0B301F55,5,197,523,131,107,0.44,0.3,0.47,0.4,143,70227,17,64.94
D3E743C9,2BEA9279,6,143,415,151,103,0.24,0.3,0.15,0.16,67,52383,6,62.62
D3E743C9,2E7F80D3,7,162,435,128,132,0.31,0.28,0.73,0.35,110,43948,10,69.42
D3E743C9,79ED6873,8,157,540,142,112,0.4,0.12,0.48,0.5,117,65804,11,67.53
F81CEC88,4C3F37F0,1,306,597,179,294,0.73,0.67,0.66,0.47,271,82763,21,73.05
F81CEC88,E54A52A3,2,346,809,168,262,0.84,0.67,0.74,0.53,308,106724,26,75.18
F81CEC88,AB7EC624,3,318,803,187,250,0.61,0.68,0.59,0.49,290,106767,22,71.84
F81CEC88,B0E95213,4,293,725,194,263,0.74,0.61,0.82,0.61,282,100900,26,72.06
F81CEC88,0B301F55,5,238,695,163,239,0.58,0.63,0.59,0.47,215,99217,18,64.94
F81CEC88,2BEA9279,6,228,559,170,206,0.62,0.36,0.6,0.43,206,71205,18,70.56
F81CEC88,2E7F80D3,7,303,675,128,236,0.67,0.73,0.58,0.35,256,92877,21,70.17
F81CEC88,79ED6873,8,297,610,205,249,0.73,0.68,0.61,0.62,262,83460,24,70.78
579A8B88,4C3F37F0,1,289,779,240,209,0.58,0.61,0.53,0.71,247,98760,17,81.44
579A8B88,E54A52A3,2,290,831,231,180,0.72,0.53,0.78,0.72,248,88646,21,72.56
579A8B88,AB7EC624,3,318,822,192,182,0.6,0.59,0.58,0.77,251,95826,20,71
579A8B88,B0E95213,4,291,827,181,182,0.6,0.56,0.75,0.76,244,84989,19,76.71
579A8B88,0B301F55,5,315,709,143,174,0.59,0.66,0.62,0.54,251,89128,20,71.35
579A8B88,2BEA9279,6,271,732,174,137,0.52,0.4,0.54,0.59,223,95947,15,70.56
579A8B88,2E7F80D3,7,260,631,128,155,0.76,0.65,0.66,0.35,235,61480,21,64.42
579A8B88,79ED6873,8,247,669,163,201,0.59,0.49,0.6,0.43,208,80438,17,67.53
AFEBB20A,4C3F37F0,1,147,456,105,184,0.47,0.42,0.7,0.68,169,65997,17,68.07
AFEBB20A,E54A52A3,2,145,388,85,159,0.46,0.37,0.66,0.37,156,40356,13,67.24
AFEBB20A,AB7EC624,3,155,399,126,177,0.43,0.27,0.48,0.56,121,67721,13,70.39
AFEBB20A,B0E95213,4,173,529,181,170,0.39,0.3,0.43,0.64,146,77599,11,65.94
AFEBB20A,0B301F55,5,231,435,123,201,0.41,0.43,0.5,0.34,143,63091,15,66.25
AFEBB20A,2BEA9279,6,214,398,99,187,0.45,0.77,0.42,0.32,154,62776,12,67.71
AFEBB20A,2E7F80D3,7,112,383,128,147,0.3,0.33,0.34,0.35,110,60162,11,58.45
AFEBB20A,79ED6873,8,209,404,137,175,0.45,0.43,0.44,0.4,142,56527,15,64.11
006DD50A,4C3F37F0,1,242,611,183,189,0.53,0.49,0.56,0.56,213,81524,16,69.05
006DD50A,E54A52A3,2,312,692,205,190,0.42,0.43,0.58,0.49,216,84781,17,65.48
006DD50A,AB7EC624,3,229,681,206,196,0.48,0.31,0.46,0.41,191,103529,17,67.31
006DD50A,B0E95213,4,210,635,211,199,0.53,0.37,0.51,0.37,194,67009,16,69.47
006DD50A,0B301F55,5,231,622,158,201,0.45,0.42,0.42,0.29,192,90757,18,64.94
006DD50A,2BEA9279,6,203,533,163,204,0.48,0.37,0.35,0.35,194,67506,17,57.18
006DD50A,2E7F80D3,7,98,574,224,198,0.35,0.27,0.4,0.53,99,73773,8,61.1
006DD50A,79ED6873,8,197,554,166,170,0.46,0.42,0.49,0.55,156,74752,13,60.64
4AAE9BB2,C6107FC4,1,117,255,79,82,0.27,0.32,0.18,0.83,102,37304,7,59.3
4AAE9BB2,4C3F37F0,2,275,350,46,250,0.54,0.55,0.49,0.44,209,48461,15,62.82
4AAE9BB2,E54A52A3,3,225,337,85,224,0.46,0.5,0.4,0.53,182,77284,14,63.12
4AAE9BB2,AB7EC624,4,238,390,105,185,0.55,0.69,0.57,0.39,185,65285,18,67.31
4AAE9BB2,B0E95213,5,224,274,95,185,0.61,0.66,0.57,0.41,194,64658,18,60.35
4AAE9BB2,0B301F55,6,208,407,123,169,0.49,0.53,0.43,0.29,170,49861,18,54.67
4AAE9BB2,2BEA9279,7,205,385,106,167,0.41,0.56,0.33,0.31,184,40466,9,57.18
4AAE9BB2,2E7F80D3,8,291,665,128,274,0.69,0.48,0.51,0.35,260,87715,19,60.18
84101D4B,4C3F37F0,1,179,591,171,126,0.46,0.46,0.56,0.59,176,67813,13,64.68
84101D4B,E54A52A3,2,189,690,168,172,0.4,0.33,0.47,0.46,159,92622,12,63.12
84101D4B,AB7EC624,3,213,568,143,141,0.49,0.25,0.52,0.52,175,61882,15,61.8
84101D4B,B0E95213,4,180,635,187,170,0.43,0.53,0.34,0.3,178,74860,13,57.25
84101D4B,0B301F55,5,278,607,145,230,0.57,0.7,0.54,0.38,230,73306,18,54.67
84101D4B,2BEA9279,6,247,592,146,212,0.58,0.63,0.44,0.26,194,78933,19,51.17
84101D4B,2E7F80D3,7,220,467,128,241,0.49,0.65,0.67,0.35,188,82685,16,56.67
84101D4B,79ED6873,8,204,448,107,195,0.58,0.46,0.45,0.45,164,61772,18,60.64
00050F0E,4C3F37F0,1,264,492,148,254,0.51,0.59,0.43,0.58,158,94024,15,72.27
00050F0E,E54A52A3,2,241,237,63,227,0.29,0.44,0.41,0.4,142,77231,13,72.56
00050F0E,AB7EC624,3,222,661,222,200,0.54,0.59,0.47,0.68,190,97080,15,78.78
00050F0E,B0E95213,4,240,374,135,182,0.37,0.42,0.36,0.54,157,79245,15,74.19
00050F0E,0B301F55,5,254,589,209,222,0.51,0.78,0.41,0.54,189,84133,17,87.35
00050F0E,2BEA9279,6,257,565,179,208,0.55,0.55,0.37,0.67,194,71745,21,86.57
00050F0E,2E7F80D3,7,162,665,218,191,0.43,0.33,0.28,0.35,155,82944,12,67.14
00050F0E,79ED6873,8,209,815,248,195,0.48,0.54,0.4,0.53,185,89857,16,80.13
AF83680E,4C3F37F0,1,173,547,171,201,0.41,0.29,0.45,0.5,146,65383,15,69.05
AF83680E,E54A52A3,2,160,609,201,150,0.37,0.27,0.55,0.47,147,67660,13,66.48
AF83680E,AB7EC624,3,202,674,202,185,0.49,0.23,0.53,0.46,166,82324,15,65.06
AF83680E,B0E95213,4,200,663,202,223,0.43,0.32,0.44,0.32,171,83900,15,71.18
AF83680E,0B301F55,5,182,588,194,141,0.49,0.23,0.41,0.19,159,73800,16,64.94
AF83680E,2BEA9279,6,179,636,207,244,0.51,0.29,0.41,0.59,179,91530,15,72.91
AF83680E,2E7F80D3,7,69,189,82,155,0.18,0.29,0.94,0.92,54,52862,8,66.29
AF83680E,79ED6873,8,239,602,217,190,0.35,0.31,0.36,0.32,175,100522,16,60.64
80EF3C8F,8DDCF24B,1,64,167,54,106,0.16,0.17,0.13,0.83,88,26823,7,42.52
80EF3C8F,4C3F37F0,2,214,340,148,213,0.58,0.66,0.34,0.44,193,54866,16,63.42
80EF3C8F,E54A52A3,3,216,260,71,227,0.37,0.56,0.28,0.39,168,69495,13,59.14
80EF3C8F,AB7EC624,4,202,363,151,205,0.51,0.59,0.44,0.28,187,53938,15,60.46
80EF3C8F,B0E95213,5,219,311,122,244,0.55,0.57,0.31,0.36,205,62986,17,51.88
80EF3C8F,6198B2D1,6,266,291,116,288,0.76,0.8,0.42,0.47,255,78854,24,58.88
80EF3C8F,AE740D27,7,297,752,207,353,0.81,0.78,0.48,0.57,286,135173,22,66.96
80EF3C8F,0579A725,8,210,373,151,322,0.61,0.63,0.42,0.49,208,103378,19,58.79
0A30CA6E,6198B2D1,1,305,693,173,261,0.54,0.5,0.59,0.63,253,86032,19,56.7
0A30CA6E,92250150,2,237,606,144,170,0.5,0.39,0.43,0.12,182,80903,14,55.28
0A30CA6E,1D453454,3,208,212,24,138,0.42,0.32,0.19,0.88,174,47718,14,60.41
0A30CA6E,FC7DC8A0,4,235,575,157,197,0.44,0.48,0.53,0.48,212,64890,16,60.09
0A30CA6E,3DB343E2,5,236,536,119,255,0.49,0.38,0.64,0.41,201,72781,12,51.28
0A30CA6E,2D879E52,6,250,602,136,178,0.6,0.49,0.67,0.38,225,80697,19,57.06
0A30CA6E,4B912491,7,223,614,150,109,0.52,0.62,0.41,0.43,194,72614,16,54.52
0A30CA6E,2883BDDA,8,257,543,118,235,0.65,0.42,0.71,0.4,226,69935,24,51.33
72C883A2,C6107FC4,1,180,249,79,186,0.35,0.25,0.88,0.83,113,62206,10,69.27
72C883A2,8DDCF24B,2,109,149,54,115,0.23,0.21,0.13,0.84,78,15546,8,58.1
72C883A2,4C3F37F0,3,245,591,197,254,0.32,0.3,0.44,0.65,193,86765,15,66.67
72C883A2,E54A52A3,4,230,647,227,202,0.46,0.35,0.49,0.69,188,93218,14,64.71
72C883A2,AB7EC624,5,206,518,132,194,0.53,0.38,0.52,0.35,194,68632,15,75.76
72C883A2,B0E95213,6,242,583,187,217,0.34,0.35,0.32,0.46,168,91891,14,76.71
72C883A2,0B301F55,7,227,706,237,159,0.49,0.43,0.46,0.56,216,109907,18,71.35
72C883A2,2BEA9279,8,213,501,141,178,0.66,0.43,0.63,0.43,215,73030,19,78.26
2B39FC2C,4C3F37F0,1,192,867,261,192,0.65,0.52,0.68,0.63,278,106895,24,64.14
2B39FC2C,E54A52A3,2,233,945,254,177,0.6,0.56,0.55,0.71,261,121280,22,67.24
2B39FC2C,AB7EC624,3,204,792,254,228,0.56,0.49,0.57,0.67,223,117613,22,69.09
2B39FC2C,B0E95213,4,219,837,276,202,0.54,0.49,0.75,0.77,240,112335,19,67.69
2B39FC2C,0B301F55,5,207,895,308,189,0.55,0.55,0.59,0.71,244,107024,20,71.35
2B39FC2C,2BEA9279,6,175,917,259,187,0.38,0.57,0.82,0.79,275,113697,21,76.65
2B39FC2C,2E7F80D3,7,128,709,236,96,0.51,0.4,0.5,0.58,125,80024,16,69.42
2B39FC2C,79ED6873,8,146,676,248,205,0.4,0.56,0.63,0.56,194,86267,20,67.53
D447B3FC,4C3F37F0,1,269,941,304,280,0.7,0.7,0.64,0.52,270,142932,23,81.44
D447B3FC,E54A52A3,2,267,797,281,247,0.71,0.71,0.66,0.47,238,121098,19,84.83
D447B3FC,AB7EC624,3,236,847,329,218,0.57,0.54,0.56,0.58,269,106852,19,76.76
D447B3FC,B0E95213,4,224,810,279,235,0.47,0.6,0.56,0.48,224,108905,15,81.15
D447B3FC,0B301F55,5,227,803,257,272,0.56,0.45,0.48,0.46,238,118437,18,88.84
D447B3FC,2BEA9279,6,252,991,358,230,0.61,0.53,0.42,0.38,260,147827,21,94.48
D447B3FC,2E7F80D3,7,250,1005,341,241,0.56,0.51,0.61,0.6,212,146953,19,78.41
D447B3FC,79ED6873,8,282,826,275,251,0.51,0.44,0.56,0.56,237,113522,15,80.13
481F3672,4C3F37F0,1,210,520,191,229,0.53,0.56,0.42,0.48,197,76994,18,69.83
481F3672,E54A52A3,2,261,478,201,260,0.66,0.62,0.48,0.52,235,87318,21,70.04
481F3672,AB7EC624,3,222,532,186,220,0.57,0.52,0.56,0.58,213,76199,19,71
481F3672,B0E95213,4,240,638,181,262,0.59,0.54,0.44,0.67,217,84600,17,74.19
481F3672,0B301F55,5,223,546,189,239,0.59,0.58,0.48,0.68,194,74562,16,76.81
481F3672,2BEA9279,6,196,524,174,223,0.6,0.62,0.7,0.74,208,71091,15,71.75
481F3672,2E7F80D3,7,250,618,192,164,0.63,0.52,0.54,0.53,256,60277,23,74.51
481F3672,79ED6873,8,230,589,192,217,0.5,0.54,0.52,0.53,208,86686,15,74.46
3787BEA1,4C3F37F0,1,166,503,186,148,0.36,0.34,0.32,0.49,126,78646,15,69.83
3787BEA1,E54A52A3,2,160,478,181,194,0.26,0.36,0.36,0.45,116,69730,10,69.38
3787BEA1,AB7EC624,3,176,481,189,224,0.48,0.49,0.53,0.73,139,74617,15,71
3787BEA1,B0E95213,4,173,417,160,185,0.3,0.42,0.34,0.41,113,59498,9,72.06
3787BEA1,0B301F55,5,187,561,222,268,0.59,0.46,0.51,0.42,177,69554,18,60.84
3787BEA1,2BEA9279,6,167,495,189,217,0.45,0.33,0.4,0.63,124,81033,13,62.62
3787BEA1,2E7F80D3,7,181,500,162,282,0.64,0.64,0.57,0.62,206,45355,17,72.94
3787BEA1,79ED6873,8,204,554,177,238,0.56,0.6,0.65,0.72,194,79790,17,67.53
ABDF3B2F,4C3F37F0,1,240,715,203,239,0.54,0.51,0.43,0.54,192,108170,21,72.27
ABDF3B2F,E54A52A3,2,189,659,152,169,0.43,0.44,0.44,0.39,188,103341,15,73.35
ABDF3B2F,AB7EC624,3,226,774,209,222,0.5,0.48,0.46,0.47,187,123443,18,67.94
ABDF3B2F,B0E95213,4,240,569,164,217,0.36,0.53,0.29,0.49,142,100865,14,65.94
ABDF3B2F,0B301F55,5,245,731,199,203,0.59,0.53,0.54,0.66,226,117687,18,72.64
ABDF3B2F,2BEA9279,6,209,750,202,185,0.34,0.54,0.25,0.46,176,116211,13,70.56
ABDF3B2F,2E7F80D3,7,239,728,205,89,0.43,0.26,0.55,0.61,194,96956,13,73.47
ABDF3B2F,79ED6873,8,300,806,187,203,0.57,0.56,0.6,0.48,216,130628,17,74.46
54EE2A89,4C3F37F0,1,212,579,198,207,0.63,0.6,0.58,0.47,198,72195,17,76.39
54EE2A89,E54A52A3,2,245,705,168,230,0.56,0.67,0.7,0.6,208,70690,18,80.52
54EE2A89,AB7EC624,3,238,619,175,246,0.53,0.64,0.47,0.65,194,76092,17,71.84
54EE2A89,B0E95213,4,203,465,168,223,0.56,0.58,0.53,0.49,171,69377,16,72.06
54EE2A89,0B301F55,5,234,558,180,270,0.51,0.5,0.53,0.62,206,78280,17,54.67
54EE2A89,2BEA9279,6,205,597,201,244,0.63,0.63,0.45,0.58,190,83150,18,55.66
54EE2A89,2E7F80D3,7,227,650,198,260,0.57,0.59,0.59,0.77,188,78123,17,68.56
54EE2A89,79ED6873,8,151,486,174,198,0.49,0.51,0.5,0.61,159,57142,16,60.64
2B76A25A,4C3F37F0,1,256,698,187,266,0.57,0.6,0.64,0.38,237,105847,18,77.46
2B76A25A,E54A52A3,2,259,682,163,259,0.58,0.6,0.6,0.4,240,85953,22,80.52
2B76A25A,AB7EC624,3,233,625,155,191,0.5,0.63,0.54,0.27,224,81007,18,74.54
2B76A25A,B0E95213,4,276,696,171,222,0.51,0.63,0.51,0.4,244,98054,17,75.14
2B76A25A,0B301F55,5,239,772,186,239,0.52,0.51,0.57,0.52,262,104919,18,73.76
2B76A25A,2BEA9279,6,288,763,186,281,0.56,0.79,0.74,0.49,289,111529,24,76.65
2B76A25A,2E7F80D3,7,255,500,162,307,0.59,0.75,0.56,0.35,224,97142,23,73.47
2B76A25A,79ED6873,8,296,764,169,264,0.63,0.67,0.65,0.45,268,112280,20,74.46
EDA58A0A,4C3F37F0,1,334,783,183,263,0.81,0.67,0.79,0.66,288,90483,24,81.44
EDA58A0A,E54A52A3,2,296,729,197,238,0.75,0.59,0.63,0.64,245,82195,23,84.83
EDA58A0A,AB7EC624,3,299,655,180,244,0.59,0.64,0.64,0.65,229,76809,20,85.22
EDA58A0A,B0E95213,4,276,716,171,202,0.81,0.65,0.7,0.65,228,90456,25,82.88
EDA58A0A,0B301F55,5,244,606,197,130,0.54,0.43,0.53,0.69,175,81678,16,96.17
EDA58A0A,2BEA9279,6,256,603,213,173,0.52,0.61,0.68,0.76,165,78907,18,92.51
EDA58A0A,2E7F80D3,7,307,545,178,241,0.77,0.58,0.48,0.6,245,80515,23,73.47
EDA58A0A,79ED6873,8,272,694,205,195,0.55,0.57,0.57,0.53,188,77152,18,80.13
C83FF0BD,C6107FC4,1,66,255,79,51,0.13,0.02,0.18,0.82,71,30881,4,47.5
C83FF0BD,8DDCF24B,2,56,181,54,68,0.21,0.17,0.22,0.83,56,11803,7,48.05
C83FF0BD,4C3F37F0,3,170,652,189,155,0.34,0.23,0.39,0.43,150,89424,12,51.07
C83FF0BD,E54A52A3,4,85,523,212,60,0.27,0.11,0.42,0.37,94,60084,8,48.45
C83FF0BD,AB7EC624,5,138,539,191,178,0.43,0.2,0.45,0.36,141,69848,12,60.46
C83FF0BD,B0E95213,6,121,590,181,118,0.36,0.26,0.43,0.56,120,81627,10,49.54
C83FF0BD,1D453454,7,107,524,191,46,0.38,0.17,0.39,0.25,117,42210,12,53.98
C83FF0BD,2D879E52,8,55,184,68,38,0.11,0.17,0.14,0.88,31,29932,2,48.26
DEDB455E,4C3F37F0,1,200,489,183,150,0.36,0.47,0.39,0.44,148,76332,13,72.27
DEDB455E,E54A52A3,2,155,459,181,227,0.44,0.45,0.37,0.38,151,56123,12,74.31
DEDB455E,AB7EC624,3,225,509,165,159,0.48,0.6,0.51,0.41,170,63404,16,71
DEDB455E,B0E95213,4,186,366,174,160,0.57,0.47,0.54,0.57,154,58450,14,74.19
DEDB455E,0B301F55,5,162,536,194,128,0.43,0.31,0.46,0.59,167,77652,14,70.31
DEDB455E,2BEA9279,6,186,487,189,181,0.46,0.25,0.61,0.49,142,73992,12,66.76
DEDB455E,2E7F80D3,7,207,467,162,191,0.5,0.59,0.47,0.35,200,55941,17,78.41
DEDB455E,79ED6873,8,176,573,174,178,0.44,0.34,0.58,0.54,175,75959,14,80.13
4283C0D0,4C3F37F0,1,219,759,244,254,0.5,0.59,0.33,0.38,209,115811,18,76.39
4283C0D0,E54A52A3,2,225,729,216,323,0.58,0.65,0.33,0.36,216,116077,18,78.91
4283C0D0,AB7EC624,3,222,671,183,263,0.48,0.55,0.48,0.54,237,104721,19,71.84
4283C0D0,B0E95213,4,224,586,174,240,0.49,0.53,0.35,0.47,217,90156,19,74.19
4283C0D0,0B301F55,5,212,646,214,243,0.61,0.44,0.55,0.53,199,85484,18,76.81
4283C0D0,2BEA9279,6,252,735,217,271,0.62,0.46,0.55,0.65,223,106809,21,76.65
4283C0D0,2E7F80D3,7,279,783,178,319,0.89,0.76,0.49,0.6,266,99514,27,74.51
4283C0D0,79ED6873,8,282,740,223,262,0.59,0.71,0.46,0.46,239,99415,23,80.13
3D1B4803,4C3F37F0,1,214,468,187,228,0.29,0.42,0.38,0.47,132,80800,11,72.27
3D1B4803,E54A52A3,2,189,375,138,279,0.37,0.49,0.4,0.4,104,77914,12,77.71
3D1B4803,AB7EC624,3,248,582,180,271,0.53,0.52,0.53,0.46,190,88806,18,76.76
3D1B4803,B0E95213,4,224,412,151,222,0.48,0.5,0.5,0.41,149,72054,15,76.71
3D1B4803,0B301F55,5,283,689,180,243,0.51,0.5,0.55,0.58,216,97391,17,76.81
3D1B4803,2BEA9279,6,289,518,175,253,0.35,0.46,0.6,0.49,187,87054,15,76.65
3D1B4803,2E7F80D3,7,245,518,162,206,0.4,0.39,0.63,0.35,180,81136,13,73.47
3D1B4803,79ED6873,8,266,583,172,229,0.53,0.46,0.61,0.54,194,77125,17,70.78
A143CD8D,4C3F37F0,1,217,595,179,237,0.54,0.57,0.54,0.38,209,92565,16,69.05
A143CD8D,E54A52A3,2,233,653,197,230,0.68,0.65,0.46,0.36,216,98663,21,72.56
A143CD8D,AB7EC624,3,249,628,189,246,0.6,0.61,0.58,0.49,209,107546,18,71.84
A143CD8D,B0E95213,4,264,655,196,255,0.67,0.71,0.73,0.52,238,107945,22,69.47
A143CD8D,0B301F55,5,307,631,204,294,0.59,0.77,0.52,0.61,261,102167,19,59.58
A143CD8D,2BEA9279,6,239,610,195,239,0.55,0.5,0.55,0.39,208,91696,21,61.5
A143CD8D,2E7F80D3,7,207,452,162,112,0.56,0.42,0.68,0.62,180,59773,15,70.95
A143CD8D,79ED6873,8,262,723,192,190,0.46,0.46,0.52,0.51,210,128175,15,70.78
C22A59A5,4C3F37F0,1,302,714,230,237,0.63,0.62,0.74,0.6,228,96771,21,69.05
C22A59A5,E54A52A3,2,268,647,172,202,0.64,0.58,0.74,0.62,229,63473,18,72.56
C22A59A5,AB7EC624,3,293,662,255,214,0.59,0.62,0.59,0.56,236,90538,18,72.46
C22A59A5,B0E95213,4,252,583,202,202,0.57,0.55,0.68,0.66,202,73718,19,74.19
C22A59A5,0B301F55,5,279,680,231,180,0.5,0.61,0.53,0.59,206,90784,17,70.31
C22A59A5,2BEA9279,6,279,618,201,208,0.64,0.69,0.55,0.57,210,86319,18,70.56
C22A59A5,2E7F80D3,7,291,574,192,119,0.63,0.45,0.33,0.35,194,94228,18,78.41
C22A59A5,79ED6873,8,289,602,179,208,0.51,0.5,0.52,0.5,202,90977,15,80.13
21EA54F8,4C3F37F0,1,140,404,169,99,0.43,0.31,0.45,0.53,103,56168,9,70.27
21EA54F8,E54A52A3,2,165,388,181,110,0.5,0.42,0.57,0.38,137,46054,12,69.38
21EA54F8,AB7EC624,3,180,347,165,145,0.47,0.48,0.53,0.42,144,57614,14,67.31
21EA54F8,B0E95213,4,180,435,151,128,0.39,0.43,0.44,0.54,146,53483,12,71.18
21EA54F8,0B301F55,5,275,509,194,246,0.49,0.55,0.59,0.52,223,84937,18,66.25
21EA54F8,2BEA9279,6,230,385,170,157,0.59,0.68,0.6,0.69,176,59656,14,63.62
21EA54F8,2E7F80D3,7,283,484,162,260,0.45,0.59,0.24,0.35,224,87239,19,69.42
21EA54F8,79ED6873,8,234,434,172,232,0.56,0.56,0.55,0.55,185,62634,17,74.46
EFC42628,C6107FC4,1,183,251,79,267,0.38,0.5,0.18,0.82,127,44205,11,59.3
EFC42628,4C3F37F0,2,390,821,227,351,0.75,0.72,0.6,0.41,278,116144,23,60.05
EFC42628,E54A52A3,3,372,682,201,343,0.77,0.69,0.72,0.52,272,96007,24,60.98
EFC42628,AB7EC624,4,405,857,226,402,0.64,0.84,0.61,0.33,287,124428,20,60.46
EFC42628,B0E95213,5,365,703,178,334,0.8,0.76,0.58,0.54,274,109376,27,58.39
EFC42628,0B301F55,6,413,1051,304,360,0.7,0.86,0.66,0.45,318,146154,20,70.31
EFC42628,2BEA9279,7,440,1002,222,378,0.83,0.82,0.74,0.34,316,135714,27,63.62
EFC42628,2E7F80D3,8,342,585,218,293,0.57,0.55,0.33,0.35,279,99947,19,65.36
E7397CA8,4C3F37F0,1,166,489,187,215,0.53,0.53,0.36,0.53,152,69407,15,69.05
E7397CA8,E54A52A3,2,177,409,194,190,0.43,0.45,0.45,0.46,151,64054,14,70.86
E7397CA8,AB7EC624,3,247,580,187,259,0.4,0.58,0.4,0.5,166,86215,16,78.78
E7397CA8,B0E95213,4,183,455,168,228,0.54,0.49,0.34,0.39,168,71631,14,75.14
E7397CA8,0B301F55,5,202,554,190,194,0.55,0.41,0.58,0.75,188,70081,16,87.35
E7397CA8,2BEA9279,6,196,570,189,160,0.47,0.38,0.49,0.69,176,74454,15,78.26
E7397CA8,2E7F80D3,7,318,545,198,313,0.67,0.6,0.62,0.77,279,111687,19,82.91
E7397CA8,79ED6873,8,264,664,174,222,0.53,0.49,0.66,0.67,233,96648,17,80.13
7B61F926,4C3F37F0,1,231,645,165,235,0.55,0.5,0.5,0.4,181,82530,21,69.05
7B61F926,E54A52A3,2,218,491,194,227,0.49,0.45,0.64,0.49,171,48658,16,75.18
7B61F926,AB7EC624,3,206,532,180,250,0.55,0.45,0.55,0.47,144,74590,17,74.54
7B61F926,B0E95213,4,200,556,160,177,0.4,0.41,0.51,0.41,149,62278,14,75.14
7B61F926,0B301F55,5,202,607,203,192,0.54,0.42,0.51,0.6,165,86791,18,73.76
7B61F926,2BEA9279,6,210,668,206,268,0.5,0.4,0.47,0.57,173,75772,14,73.81
7B61F926,2E7F80D3,7,191,518,192,198,0.31,0.43,0.48,0.58,155,73526,12,75.82
7B61F926,79ED6873,8,162,564,197,181,0.49,0.28,0.54,0.46,164,65219,12,74.46
EB0D8430,4C3F37F0,1,166,392,92,113,0.27,0.38,0.29,0.44,115,55758,10,66.11
EB0D8430,E54A52A3,2,119,518,85,163,0.29,0.37,0.26,0.37,116,63335,9,62.32
EB0D8430,AB7EC624,3,146,389,155,143,0.4,0.37,0.43,0.38,115,61146,12,60.46
EB0D8430,B0E95213,4,167,406,122,166,0.45,0.4,0.51,0.36,137,66253,13,64.86
EB0D8430,0B301F55,5,168,445,141,174,0.49,0.45,0.46,0.37,135,74644,16,60.84
EB0D8430,2BEA9279,6,193,419,166,212,0.35,0.41,0.41,0.5,118,65415,11,62.62
EB0D8430,2E7F80D3,7,269,500,162,191,0.44,0.58,0.49,0.62,145,99283,18,68.56
EB0D8430,79ED6873,8,201,429,137,170,0.4,0.47,0.34,0.4,124,65675,13,60.64
775501BE,4C3F37F0,1,208,264,77,166,0.21,0.31,0.48,0.54,95,37028,12,67.35
775501BE,E54A52A3,2,222,277,85,163,0.23,0.38,0.29,0.53,99,48395,12,66.48
775501BE,AB7EC624,3,152,257,141,141,0.35,0.35,0.44,0.43,82,43861,7,63.93
775501BE,B0E95213,4,226,346,122,160,0.24,0.24,0.46,0.39,113,53123,11,60.35
775501BE,0B301F55,5,164,383,147,141,0.46,0.34,0.44,0.37,94,61443,14,54.67
775501BE,2BEA9279,6,205,296,125,167,0.13,0.21,0.25,0.38,49,38100,6,52.08
775501BE,2E7F80D3,7,128,313,128,164,0.38,0.44,0.31,0.35,99,60847,12,62.85
775501BE,79ED6873,8,88,293,129,164,0.31,0.29,0.3,0.43,86,46725,10,60.64
94950CE3,4C3F37F0,1,253,701,198,251,0.67,0.64,0.58,0.37,227,106428,18,66.11
94950CE3,E54A52A3,2,248,662,212,202,0.61,0.45,0.49,0.4,224,112667,17,64.71
94950CE3,AB7EC624,3,261,709,199,212,0.56,0.49,0.52,0.48,213,98277,18,67.94
94950CE3,B0E95213,4,302,741,190,249,0.56,0.51,0.55,0.51,219,113580,19,69.47
94950CE3,0B301F55,5,191,672,197,155,0.43,0.27,0.43,0.45,145,85744,14,66.25
94950CE3,2BEA9279,6,223,658,192,173,0.49,0.52,0.41,0.51,170,94140,15,63.62
94950CE3,2E7F80D3,7,255,828,192,173,0.61,0.53,0.77,0.53,218,114053,16,69.42
94950CE3,79ED6873,8,181,571,172,195,0.46,0.45,0.35,0.36,151,82814,14,64.11
2A696D18,A2B99E1D,1,164,408,151,173,0.44,0.54,0.71,0.64,148,62135,16,56.84
2A696D18,C6107FC4,2,150,360,120,130,0.47,0.46,0.46,0.3,137,54037,13,69.27
2A696D18,0F81E385,3,182,436,141,134,0.57,0.52,0.48,0.43,161,66884,16,64.9
2A696D18,8DDCF24B,4,109,559,190,172,0.33,0.31,0.55,0.7,147,61553,12,69.76
2A696D18,E93108C8,5,105,318,125,159,0.39,0.57,0.66,0.49,142,38229,18,62.72
2A696D18,E97C8D1A,6,143,353,121,165,0.36,0.47,0.21,0.29,133,57868,11,66.31
2A696D18,3DE2A32B,7,125,295,87,149,0.23,0.27,0.19,0.22,106,59140,10,67.2
2A696D18,D7DF3685,8,90,230,76,95,0.29,0.18,0.29,0.27,96,45669,9,64.04
9CB99B43,A2B99E1D,1,240,588,189,173,0.65,0.59,0.78,0.76,198,82737,19,62.21
9CB99B43,C6107FC4,2,249,775,235,172,0.62,0.58,0.57,0.52,210,97990,19,61.31
9CB99B43,0F81E385,3,219,591,183,105,0.45,0.44,0.41,0.39,178,70110,13,64.9
9CB99B43,8DDCF24B,4,253,659,214,163,0.57,0.65,0.49,0.52,209,90839,16,61.77
9CB99B43,E93108C8,5,232,588,163,172,0.63,0.55,0.3,0.53,206,79063,21,57.58
9CB99B43,E97C8D1A,6,266,672,180,156,0.37,0.4,0.41,0.47,191,90729,17,67.27
9CB99B43,3DE2A32B,7,268,563,150,226,0.55,0.49,0.47,0.26,210,83667,17,67.2
9CB99B43,D7DF3685,8,256,609,182,249,0.57,0.63,0.34,0.36,203,78202,17,52.3
88B89026,A2B99E1D,1,290,708,151,168,0.88,0.39,0.58,0.64,283,101881,28,63.33
88B89026,C6107FC4,2,253,672,168,267,0.65,0.65,0.66,0.48,218,93505,19,73.97
88B89026,0F81E385,3,297,845,183,283,0.77,0.61,0.68,0.48,266,100183,24,66.08
88B89026,8DDCF24B,4,329,1072,277,238,0.75,0.59,0.68,0.61,283,138905,22,73.07
88B89026,E93108C8,5,346,810,161,241,0.82,0.72,0.65,0.41,300,103717,29,67.47
88B89026,E97C8D1A,6,263,708,239,258,0.69,0.52,0.55,0.48,213,87582,21,70.92
88B89026,3DE2A32B,7,263,654,207,300,0.72,0.5,0.57,0.4,204,91004,18,71.15
88B89026,D7DF3685,8,193,602,211,275,0.44,0.39,0.55,0.51,164,81188,15,67.73
5F9F6279,A2B99E1D,1,218,459,160,236,0.68,0.51,0.54,0.36,148,79660,19,61.14
5F9F6279,C6107FC4,2,147,325,96,96,0.38,0.33,0.34,0.05,124,53585,11,59.3
5F9F6279,0F81E385,3,139,247,95,158,0.36,0.38,0.27,0.33,113,29682,11,61.17
5F9F6279,8DDCF24B,4,170,327,127,172,0.33,0.49,0.38,0.33,118,31759,11,59.75
5F9F6279,E93108C8,5,237,304,110,254,0.58,0.57,0.21,0.14,139,51163,17,62.72
5F9F6279,E97C8D1A,6,86,160,81,72,0.24,0.24,0.21,0.15,65,27456,6,53.15
5F9F6279,3DE2A32B,7,125,215,70,79,0.32,0.25,0.23,0.28,125,32578,9,53.2
5F9F6279,D7DF3685,8,90,395,175,110,0.24,0.28,0.29,0.43,120,60507,8,63.17
3E687AD1,A2B99E1D,1,177,497,114,152,0.47,0.45,0.45,0.16,123,70488,14,60.07
3E687AD1,C6107FC4,2,174,578,196,210,0.48,0.47,0.49,0.49,175,79453,16,66.17
3E687AD1,0F81E385,3,165,478,160,166,0.45,0.39,0.58,0.56,140,69613,15,60.25
3E687AD1,8DDCF24B,4,190,619,165,163,0.56,0.49,0.58,0.54,169,85457,16,71.47
3E687AD1,E93108C8,5,203,578,154,214,0.76,0.55,0.74,0.56,202,70545,21,72.1
3E687AD1,E97C8D1A,6,218,704,189,138,0.51,0.44,0.51,0.55,180,95766,15,71.95
3E687AD1,3DE2A32B,7,168,463,171,165,0.51,0.43,0.37,0.47,172,61258,16,65.41
3E687AD1,D7DF3685,8,201,546,155,224,0.55,0.45,0.61,0.66,173,82092,17,67.73
88B88C8A,A2B99E1D,1,228,627,213,158,0.54,0.51,0.63,0.49,186,83641,16,83.2
88B88C8A,C6107FC4,2,169,538,175,105,0.42,0.2,0.54,0.52,144,56393,12,72.52
88B88C8A,0F81E385,3,167,499,151,40,0.33,0.06,0.64,0.52,106,33710,8,66.99
88B88C8A,8DDCF24B,4,162,540,160,106,0.36,0.2,0.45,0.54,134,60621,11,76.45
88B88C8A,E93108C8,5,176,354,133,93,0.42,0.31,0.51,0.43,139,32774,9,72.1
88B88C8A,E97C8D1A,6,290,650,147,218,0.51,0.46,0.55,0.61,205,71660,19,69.94
88B88C8A,3DE2A32B,7,191,609,162,49,0.31,0.19,0.44,0.5,156,62457,10,71.15
88B88C8A,D7DF3685,8,163,582,162,57,0.36,0.29,0.37,0.2,143,70919,11,74.73
3E684389,A2B99E1D,1,158,241,99,152,0.32,0.51,0.34,0.44,114,38730,13,66.58
3E684389,C6107FC4,2,135,396,115,92,0.41,0.33,0.51,0.3,135,42780,12,59.3
3E684389,0F81E385,3,62,265,96,35,0.21,0.89,0.34,0.32,75,21940,6,54.23
3E684389,8DDCF24B,4,103,284,118,106,0.34,0.39,0.39,0.4,118,30651,11,62.42
3E684389,E93108C8,5,83,294,141,71,0.19,0.22,0.33,0.46,83,43686,8,59.78
3E684389,E97C8D1A,6,221,500,128,176,0.57,0.74,0.39,0.43,203,51948,18,53.83
3E684389,3DE2A32B,7,125,418,133,52,0.28,0.24,0.36,0.46,99,56077,10,62.78
3E684389,D7DF3685,8,157,458,173,66,0.45,0.27,0.46,0.56,147,54577,14,59.39
88B8B5D2,A2B99E1D,1,272,637,129,211,0.72,0.42,0.56,0.64,205,87160,19,63.33
88B8B5D2,C6107FC4,2,218,698,144,197,0.48,0.48,0.49,0.27,184,78594,18,67.37
88B8B5D2,0F81E385,3,202,532,115,166,0.31,0.35,0.29,0.29,178,89965,13,60.25
88B8B5D2,8DDCF24B,4,243,824,214,197,0.57,0.52,0.43,0.48,221,88887,17,67.23
88B8B5D2,E93108C8,5,315,858,189,257,0.57,0.59,0.71,0.59,237,116898,17,70.19
88B8B5D2,E97C8D1A,6,232,655,133,201,0.37,0.39,0.46,0.51,152,86529,13,60.3
88B8B5D2,3DE2A32B,7,204,605,159,149,0.36,0.38,0.44,0.42,140,78724,12,68.02
88B8B5D2,D7DF3685,8,187,656,173,130,0.43,0.44,0.48,0.41,179,87980,15,68.51
3E685F25,A2B99E1D,1,218,576,225,168,0.39,0.42,0.6,0.47,161,73554,15,64.4
3E685F25,C6107FC4,2,214,689,251,205,0.5,0.37,0.52,0.45,157,89776,15,72.52
3E685F25,0F81E385,3,176,621,200,174,0.43,0.33,0.61,0.53,137,73002,13,63.1
3E685F25,8DDCF24B,4,152,700,289,193,0.37,0.31,0.43,0.47,129,89451,12,72.24
3E685F25,E93108C8,5,206,771,293,165,0.58,0.4,0.61,0.62,146,92678,15,72.1
3E685F25,E97C8D1A,6,185,644,229,205,0.39,0.26,0.39,0.5,147,83512,14,70.92
3E685F25,3DE2A32B,7,130,546,173,123,0.26,0.23,0.3,0.37,96,64989,9,71.15
3E685F25,D7DF3685,8,140,441,157,110,0.35,0.32,0.38,0.48,130,46834,12,70.6
3E683139,A2B99E1D,1,252,633,141,233,0.61,0.74,0.77,0.63,192,81962,17,56.12
3E683139,C6107FC4,2,150,416,148,127,0.41,0.39,0.47,0.37,153,52167,15,59.3
3E683139,0F81E385,3,79,242,151,103,0.36,0.34,0.16,0.14,86,45901,9,53.33
3E683139,8DDCF24B,4,178,513,155,203,0.41,0.5,0.43,0.48,126,92962,13,61.77
3E683139,E93108C8,5,180,507,182,280,0.39,0.41,0.36,0.46,153,76703,14,53.7
3E683139,E97C8D1A,6,132,173,88,138,0.34,0.4,0.34,0.28,114,39910,10,55.69
3E683139,3DE2A32B,7,130,362,136,149,0.37,0.39,0.27,0.3,116,56213,10,58.14
3E683139,D7DF3685,8,133,263,88,88,0.26,0.24,0.29,0.24,107,46834,10,53.76
ED8FF4BE,A2B99E1D,1,243,605,164,162,0.55,0.47,0.57,0.51,195,74318,16,53.4
ED8FF4BE,C6107FC4,2,220,562,170,204,0.51,0.51,0.5,0.53,171,72530,14,59.3
ED8FF4BE,0F81E385,3,199,535,169,176,0.45,0.35,0.61,0.63,134,71886,14,53.33
ED8FF4BE,8DDCF24B,4,218,659,190,185,0.44,0.42,0.54,0.71,137,70052,14,56.35
ED8FF4BE,E93108C8,5,226,612,125,133,0.47,0.45,0.47,0.58,165,89911,15,48.16
ED8FF4BE,E97C8D1A,6,156,566,181,163,0.37,0.39,0.31,0.48,100,65740,10,58.01
ED8FF4BE,3DE2A32B,7,159,550,153,140,0.4,0.36,0.54,0.35,128,60960,13,61.06
ED8FF4BE,D7DF3685,8,146,546,157,110,0.42,0.48,0.27,0.55,113,58573,13,55.76
74B7C8AC,A2B99E1D,1,143,382,99,149,0.38,0.39,0.54,0.44,132,45591,11,48.73
74B7C8AC,C6107FC4,2,237,529,161,244,0.52,0.51,0.49,0.39,190,76066,14,67.37
74B7C8AC,0F81E385,3,251,542,129,196,0.41,0.39,0.47,0.39,169,81317,14,62.07
74B7C8AC,8DDCF24B,4,240,503,176,182,0.42,0.33,0.44,0.47,175,82221,14,65.78
74B7C8AC,E93108C8,5,188,267,92,214,0.31,0.31,0.46,0.53,146,42593,10,67.47
74B7C8AC,E97C8D1A,6,237,409,141,230,0.63,0.52,0.46,0.26,188,50344,18,58.01
74B7C8AC,3DE2A32B,7,210,470,171,172,0.46,0.34,0.48,0.45,156,72251,15,65.41
74B7C8AC,D7DF3685,8,168,481,186,183,0.38,0.32,0.31,0.28,125,74237,12,63.17
C2673EF7,A2B99E1D,1,136,488,160,168,0.6,0.4,0.42,0.44,161,64020,14,65.46
C2673EF7,C6107FC4,2,174,381,123,153,0.44,0.24,0.51,0.45,144,48261,14,66.17
C2673EF7,0F81E385,3,115,341,111,140,0.28,0.21,0.18,0.18,109,33157,8,56.49
C2673EF7,8DDCF24B,4,137,463,109,115,0.43,0.32,0.47,0.26,157,49614,11,63.91
C2673EF7,E93108C8,5,134,424,148,108,0.36,0.15,0.26,0.29,146,52329,10,62.72
C2673EF7,E97C8D1A,6,182,276,72,138,0.34,0.3,0.31,0.26,138,41415,13,69.94
C2673EF7,3DE2A32B,7,145,366,108,123,0.33,0.21,0.34,0.47,122,57098,13,64.43
C2673EF7,D7DF3685,8,226,356,76,234,0.34,0.45,0.33,0.27,154,55665,13,63.17
C267225B,A2B99E1D,1,215,530,156,195,0.52,0.44,0.46,0.37,143,75799,15,67.43
C267225B,C6107FC4,2,164,527,167,220,0.5,0.52,0.45,0.48,169,77809,19,61.31
C267225B,0F81E385,3,215,420,126,258,0.53,0.46,0.38,0.4,174,78750,16,55.96
C267225B,8DDCF24B,4,212,608,220,248,0.48,0.42,0.53,0.58,185,92905,17,59.75
C267225B,E93108C8,5,203,481,122,183,0.54,0.51,0.3,0.42,146,68057,16,51.12
C267225B,E97C8D1A,6,205,513,165,134,0.18,0.33,0.39,0.41,138,63021,17,69.94
C267225B,3DE2A32B,7,159,414,116,154,0.32,0.29,0.31,0.37,125,57314,10,62.78
C267225B,D7DF3685,8,178,511,136,206,0.22,0.27,0.32,0.37,127,60354,11,56.79
74B7D400,A2B99E1D,1,158,326,151,162,0.47,0.32,0.52,0.38,123,46430,15,67.43
74B7D400,C6107FC4,2,298,640,204,268,0.59,0.63,0.57,0.51,205,83823,19,72.52
74B7D400,0F81E385,3,238,550,195,286,0.54,0.55,0.43,0.5,186,87213,17,60.25
74B7D400,8DDCF24B,4,229,671,227,240,0.42,0.48,0.43,0.31,167,101212,14,64.99
74B7D400,E93108C8,5,224,520,187,257,0.47,0.42,0.4,0.59,139,67537,14,61
74B7D400,E97C8D1A,6,210,731,243,245,0.46,0.56,0.4,0.6,180,90074,18,66.31
74B7D400,3DE2A32B,7,261,745,257,240,0.63,0.55,0.44,0.61,200,102529,18,67.2
74B7D400,D7DF3685,8,265,564,173,265,0.66,0.59,0.64,0.69,193,69199,18,61.66
C2671B03,A2B99E1D,1,113,170,69,233,0.31,0.46,0.13,0.82,114,48918,9,47.73
C2671B03,C6107FC4,2,222,707,209,135,0.46,0.37,0.54,0.49,176,80774,16,69.27
C2671B03,0F81E385,3,139,577,195,130,0.39,0.36,0.45,0.43,113,71405,11,61.17
C2671B03,8DDCF24B,4,182,706,188,145,0.58,0.59,0.5,0.5,175,86713,15,62.42
C2671B03,E93108C8,5,154,426,119,99,0.28,0.15,0.39,0.55,114,54626,10,51.92
C2671B03,E97C8D1A,6,156,619,177,84,0.4,0.28,0.37,0.45,152,68512,13,63.24
C2671B03,3DE2A32B,7,198,665,204,207,0.43,0.4,0.48,0.54,162,80101,14,67.2
C2671B03,D7DF3685,8,187,644,217,110,0.44,0.47,0.42,0.48,160,80049,12,59.39
74B7F1F4,A2B99E1D,1,194,588,182,162,0.4,0.47,0.39,0.41,143,70603,14,71.42
74B7F1F4,C6107FC4,2,185,506,144,139,0.52,0.5,0.46,0.49,144,63952,16,59.98
74B7F1F4,0F81E385,3,192,503,155,155,0.43,0.55,0.4,0.57,109,66633,13,64.9
74B7F1F4,8DDCF24B,4,221,741,205,203,0.42,0.49,0.48,0.69,134,85979,14,71.47
74B7F1F4,E93108C8,5,259,574,185,144,0.55,0.38,0.55,0.76,156,74427,15,62.72
74B7F1F4,E97C8D1A,6,226,235,101,187,0.19,0.5,0.19,0.28,78,39333,8,60.3
74B7F1F4,3DE2A32B,7,159,520,139,154,0.33,0.38,0.5,0.67,136,50990,13,58.14
74B7F1F4,D7DF3685,8,106,233,92,110,0.17,0.36,0.15,0.23,91,41718,7,59.39
C26707AF,A2B99E1D,1,327,737,198,218,0.7,0.4,0.77,0.77,279,90510,23,68.5
C26707AF,C6107FC4,2,253,710,209,145,0.58,0.61,0.55,0.61,226,88672,19,78.82
C26707AF,0F81E385,3,284,721,237,223,0.71,0.68,0.71,0.7,259,88967,19,70.43
C26707AF,8DDCF24B,4,267,918,298,122,0.54,0.53,0.68,0.78,238,105561,18,80.73
C26707AF,E93108C8,5,352,876,251,257,0.74,0.65,0.73,0.77,294,110804,21,83.25
C26707AF,E97C8D1A,6,269,639,209,192,0.54,0.66,0.6,0.59,211,87635,15,75.26
C26707AF,3DE2A32B,7,246,556,204,172,0.54,0.69,0.73,0.71,189,84185,18,72.03
C26707AF,D7DF3685,8,275,681,224,192,0.48,0.66,0.75,0.69,229,89263,20,77.23
C26769B3,A2B99E1D,1,289,552,169,233,0.4,0.54,0.86,0.3,189,92424,20,64.4
C26769B3,C6107FC4,2,204,439,148,174,0.52,0.48,0.43,0.33,171,76570,17,61.31
C26769B3,0F81E385,3,192,698,161,206,0.41,0.29,0.43,0.43,151,81988,13,61.17
C26769B3,8DDCF24B,4,277,635,160,193,0.25,0.36,0.47,0.37,151,84729,14,60.39
C26769B3,E93108C8,5,188,429,136,159,0.57,0.51,0.59,0.4,135,63679,16,61
C26769B3,E97C8D1A,6,142,413,156,189,0.53,0.46,0.43,0.4,145,89182,14,62.19
C26769B3,3DE2A32B,7,101,434,170,94,0.23,0.3,0.29,0.38,122,61663,10,56.54
C26769B3,D7DF3685,8,120,324,102,118,0.43,0.33,0.46,0.46,120,57699,11,52.3
74B79FE8,A2B99E1D,1,264,526,114,224,0.54,0.51,0.47,0.16,192,79167,16,56.84
74B79FE8,C6107FC4,2,244,772,156,270,0.55,0.53,0.58,0.43,196,83590,19,76.86
74B79FE8,0F81E385,3,282,774,161,299,0.64,0.6,0.7,0.48,219,87609,19,67.83
74B79FE8,8DDCF24B,4,240,849,169,154,0.39,0.54,0.54,0.51,233,96068,13,73.51
74B79FE8,E93108C8,5,274,574,106,280,0.62,0.59,0.54,0.47,212,93161,21,59.78
74B79FE8,E97C8D1A,6,247,821,165,304,0.59,0.56,0.41,0.44,232,99647,18,75.26
74B79FE8,3DE2A32B,7,267,764,166,294,0.55,0.5,0.58,0.52,212,89236,16,76.32
74B79FE8,D7DF3685,8,250,639,132,239,0.58,0.58,0.53,0.51,200,63265,17,70.6
08972814,A2B99E1D,1,91,493,169,158,0.39,0.35,0.27,0.38,97,73471,11,64.4
08972814,C6107FC4,2,194,615,164,151,0.45,0.28,0.54,0.5,169,81782,16,66.7
08972814,0F81E385,3,146,428,143,155,0.31,0.28,0.35,0.4,151,57910,12,60.25
08972814,8DDCF24B,4,190,571,178,203,0.42,0.31,0.42,0.49,169,86293,14,70.23
08972814,E93108C8,5,159,415,141,90,0.48,0.44,0.37,0.54,159,57055,14,68.42
08972814,E97C8D1A,6,147,484,168,126,0.37,0.21,0.38,0.41,128,59220,13,69.94
08972814,3DE2A32B,7,191,584,175,159,0.44,0.37,0.47,0.6,162,74210,15,68.74
08972814,D7DF3685,8,212,494,107,144,0.44,0.34,0.44,0.45,164,64691,14,67.73
777CB81A,A2B99E1D,1,153,326,114,173,0.52,0.34,0.53,0.45,138,41517,14,56.84
777CB81A,C6107FC4,2,194,453,145,178,0.5,0.51,0.61,0.54,169,72975,16,69.27
777CB81A,0F81E385,3,132,254,111,132,0.38,0.45,0.33,0.21,97,58409,13,61.17
777CB81A,8DDCF24B,4,103,367,142,138,0.37,0.36,0.45,0.38,118,53838,11,63.06
777CB81A,E93108C8,5,159,306,113,183,0.45,0.41,0.39,0.31,153,54186,14,62.72
777CB81A,E97C8D1A,6,120,248,84,152,0.4,0.33,0.49,0.51,105,47440,13,53.15
777CB81A,3DE2A32B,7,119,339,116,140,0.33,0.33,0.26,0.34,96,57826,10,61.06
777CB81A,D7DF3685,8,151,270,74,192,0.32,0.41,0.39,0.39,127,64956,11,63.17
BE47C2E3,A2B99E1D,1,222,431,85,168,0.71,0.27,0.47,0.16,192,50225,22,53.4
BE47C2E3,C6107FC4,2,230,513,145,195,0.55,0.46,0.57,0.49,176,68722,18,64.06
BE47C2E3,0F81E385,3,248,547,133,178,0.63,0.58,0.69,0.48,209,69672,19,54.23
BE47C2E3,8DDCF24B,4,267,575,145,218,0.67,0.57,0.73,0.75,205,70140,20,63.91
BE47C2E3,E93108C8,5,308,656,159,189,0.66,0.62,0.73,0.59,248,86424,24,63.87
BE47C2E3,E97C8D1A,6,255,650,115,119,0.53,0.45,0.53,0.43,187,66348,18,62.19
BE47C2E3,3DE2A32B,7,237,634,139,172,0.5,0.45,0.59,0.42,166,59734,15,68.02
BE47C2E3,D7DF3685,8,201,490,117,183,0.45,0.43,0.57,0.56,164,54431,17,63.17
089734B8,A2B99E1D,1,186,301,129,199,0.61,0.68,0.31,0.38,158,42307,14,59.08
089734B8,C6107FC4,2,157,453,144,252,0.51,0.44,0.46,0.4,159,68931,14,59.3
089734B8,0F81E385,3,161,414,108,270,0.38,0.29,0.63,0.42,148,64391,12,52.45
089734B8,8DDCF24B,4,194,428,131,219,0.48,0.35,0.53,0.28,167,64088,14,62.42
089734B8,E93108C8,5,196,328,128,205,0.53,0.48,0.43,0.35,165,36458,15,57.58
089734B8,E97C8D1A,6,138,535,83,210,0.29,0.26,0.38,0.18,122,53071,13,60.3
089734B8,3DE2A32B,7,175,506,113,216,0.39,0.4,0.45,0.36,136,67165,13,56.54
089734B8,D7DF3685,8,106,303,74,110,0.29,0.18,0.35,0.27,103,51220,10,55.76
2BF89F41,A2B99E1D,1,243,703,305,162,0.53,0.47,0.45,0.53,230,105642,16,74.83
2BF89F41,C6107FC4,2,242,651,205,226,0.49,0.49,0.51,0.52,193,99547,15,83.44
2BF89F41,0F81E385,3,232,591,222,158,0.43,0.49,0.43,0.56,211,88325,17,81.99
2BF89F41,8DDCF24B,4,258,568,171,188,0.58,0.56,0.58,0.62,212,78359,21,76.45
2BF89F41,E93108C8,5,217,653,227,165,0.49,0.58,0.51,0.53,227,87371,18,81.72
2BF89F41,E97C8D1A,6,178,432,176,280,0.5,0.35,0.61,0.66,173,77520,17,78.33
2BF89F41,3DE2A32B,7,218,617,198,187,0.69,0.62,0.61,0.54,202,92763,20,77.67
2BF89F41,D7DF3685,8,236,647,191,249,0.63,0.59,0.57,0.53,213,93850,18,80.81
9D28691A,A2B99E1D,1,126,422,160,221,0.35,0.22,0.51,0.66,148,53988,14,67.43
9D28691A,C6107FC4,2,188,621,181,130,0.45,0.5,0.5,0.38,188,85197,17,66.17
9D28691A,0F81E385,3,188,468,198,232,0.49,0.52,0.33,0.32,184,73609,16,66.99
9D28691A,8DDCF24B,4,227,479,188,264,0.43,0.45,0.38,0.18,203,97266,14,73.51
9D28691A,E93108C8,5,180,357,187,139,0.34,0.22,0.3,0.3,108,64256,11,70.19
9D28691A,E97C8D1A,6,156,503,197,146,0.58,0.48,0.44,0.57,161,78515,14,69.94
9D28691A,3DE2A32B,7,179,486,188,226,0.42,0.51,0.27,0.45,187,77073,14,76.32
9D28691A,D7DF3685,8,247,701,199,144,0.59,0.48,0.51,0.27,210,105318,17,74.73
9D2875B6,A2B99E1D,1,382,950,210,367,0.74,0.86,0.48,0.64,315,154254,28,79.78
9D2875B6,C6107FC4,2,337,687,235,323,0.67,0.74,0.57,0.53,272,119879,20,76.86
9D2875B6,0F81E385,3,337,724,222,285,0.72,0.73,0.52,0.6,281,121372,21,77.49
9D2875B6,8DDCF24B,4,402,626,176,345,0.8,0.82,0.67,0.59,326,144096,26,75.45
9D2875B6,E93108C8,5,303,755,221,272,0.66,0.62,0.56,0.44,230,133922,17,81.72
9D2875B6,E97C8D1A,6,321,711,265,245,0.61,0.75,0.49,0.54,263,125608,18,75.26
9D2875B6,3DE2A32B,7,283,854,288,237,0.66,0.63,0.6,0.5,240,130448,20,72.03
9D2875B6,D7DF3685,8,277,812,263,199,0.6,0.54,0.71,0.57,224,119142,18,75.87
2BF883ED,A2B99E1D,1,297,804,240,162,0.45,0.48,0.64,0.41,225,98437,13,74.83
2BF883ED,C6107FC4,2,270,615,203,232,0.6,0.55,0.6,0.64,229,97737,19,82.27
2BF883ED,0F81E385,3,217,528,180,202,0.67,0.58,0.51,0.59,197,78881,19,78.69
2BF883ED,8DDCF24B,4,240,559,190,185,0.63,0.56,0.56,0.51,209,88219,18,73.51
2BF883ED,E93108C8,5,341,824,216,230,0.73,0.67,0.8,0.74,293,107856,20,74.29
2BF883ED,E97C8D1A,6,249,528,181,213,0.64,0.59,0.59,0.6,204,63542,21,75.26
2BF883ED,3DE2A32B,7,272,584,168,229,0.55,0.61,0.58,0.65,209,78385,17,73.03
2BF883ED,D7DF3685,8,270,474,182,258,0.74,0.6,0.5,0.71,200,73224,23,74.73
2BF8BAB5,A2B99E1D,1,234,644,201,247,0.54,0.62,0.53,0.35,211,90565,16,77.95
2BF8BAB5,C6107FC4,2,298,844,260,275,0.65,0.64,0.68,0.7,252,118747,22,74.66
2BF8BAB5,0F81E385,3,251,694,227,211,0.64,0.72,0.51,0.68,222,99250,18,77.49
2BF8BAB5,8DDCF24B,4,235,591,197,207,0.65,0.63,0.52,0.59,180,82789,23,70.23
2BF8BAB5,E93108C8,5,226,707,213,183,0.48,0.63,0.39,0.46,202,92481,16,78.47
2BF8BAB5,E97C8D1A,6,244,785,213,227,0.71,0.54,0.6,0.45,217,97927,19,78.33
2BF8BAB5,3DE2A32B,7,258,678,185,258,0.67,0.58,0.38,0.28,212,93476,21,76.32
2BF8BAB5,D7DF3685,8,268,695,194,269,0.63,0.6,0.4,0.34,218,99780,17,78.3
2BF8A619,A2B99E1D,1,243,848,225,252,0.69,0.84,0.47,0.44,247,110450,23,67.43
2BF8A619,C6107FC4,2,337,710,225,289,0.63,0.69,0.59,0.59,247,102822,23,70.45
2BF8A619,0F81E385,3,350,790,224,281,0.68,0.66,0.49,0.52,253,112445,24,75.79
2BF8A619,8DDCF24B,4,232,546,201,174,0.6,0.63,0.5,0.64,180,79764,20,78.37
2BF8A619,E93108C8,5,276,835,224,248,0.52,0.55,0.56,0.5,219,97548,18,78.47
2BF8A619,E97C8D1A,6,325,718,223,262,0.56,0.6,0.71,0.66,233,94373,21,73.16
2BF8A619,3DE2A32B,7,341,878,262,307,0.71,0.73,0.75,0.49,262,132579,23,76.32
2BF8A619,D7DF3685,8,324,766,247,279,0.66,0.62,0.66,0.66,256,99184,23,78.3
9D285042,A2B99E1D,1,173,647,213,186,0.53,0.59,0.45,0.45,205,86162,16,72.61
9D285042,C6107FC4,2,348,953,302,273,0.65,0.66,0.66,0.73,317,137846,23,77.73
9D285042,0F81E385,3,304,1035,336,260,0.7,0.66,0.82,0.69,299,143497,22,78.69
9D285042,8DDCF24B,4,288,826,312,281,0.72,0.72,0.65,0.58,258,117110,21,80.73
9D285042,E93108C8,5,322,747,246,254,0.7,0.65,0.74,0.79,283,103416,23,81.72
9D285042,E97C8D1A,6,322,842,244,290,0.73,0.76,0.8,0.73,299,122520,23,83.34
9D285042,3DE2A32B,7,308,802,233,272,0.72,0.63,0.81,0.61,278,108125,22,77.67
9D285042,D7DF3685,8,320,936,270,239,0.78,0.64,0.76,0.59,312,114355,24,80.81
9D283E5E,A2B99E1D,1,202,691,175,204,0.46,0.41,0.4,0.59,205,119062,13,72.61
9D283E5E,C6107FC4,2,224,594,170,220,0.57,0.6,0.56,0.62,229,85770,19,69.27
9D283E5E,0F81E385,3,236,608,168,181,0.65,0.59,0.39,0.59,216,93533,19,75.79
9D283E5E,8DDCF24B,4,245,568,173,200,0.58,0.51,0.59,0.42,209,90020,17,65.78
9D283E5E,E93108C8,5,176,436,143,210,0.47,0.49,0.33,0.29,149,88113,14,62.72
9D283E5E,E97C8D1A,6,281,699,145,210,0.65,0.51,0.6,0.51,242,109809,21,71.95
9D283E5E,3DE2A32B,7,268,742,162,226,0.79,0.63,0.77,0.77,252,104061,21,73.03
9D283E5E,D7DF3685,8,290,796,150,284,0.62,0.67,0.58,0.63,256,120564,18,72.22
2BF8C805,A2B99E1D,1,309,712,253,230,0.62,0.62,0.42,0.61,235,90922,20,72.61
2BF8C805,C6107FC4,2,321,655,201,294,0.64,0.75,0.64,0.72,234,92990,20,73.25
2BF8C805,0F81E385,3,288,611,207,260,0.69,0.69,0.51,0.67,222,88833,22,81.99
2BF8C805,8DDCF24B,4,285,626,192,275,0.74,0.64,0.71,0.68,242,84807,26,73.07
2BF8C805,E93108C8,5,264,700,202,288,0.64,0.6,0.63,0.63,223,79972,20,78.47
2BF8C805,E97C8D1A,6,362,638,175,331,0.72,0.83,0.71,0.54,285,103642,23,75.26
2BF8C805,3DE2A32B,7,329,577,184,274,0.65,0.71,0.42,0.49,267,81601,23,76.32
2BF8C805,D7DF3685,8,333,623,207,269,0.66,0.7,0.59,0.61,243,89074,24,75.87
D7F7C7CB,A2B99E1D,1,186,703,231,126,0.14,0.18,0.32,0.5,114,84055,8,86.16
D7F7C7CB,C6107FC4,2,164,615,208,92,0.33,0.31,0.5,0.48,129,79271,10,69.27
D7F7C7CB,0F81E385,3,188,603,197,149,0.24,0.37,0.41,0.52,134,87503,11,71.32
D7F7C7CB,8DDCF24B,4,103,600,212,109,0.22,0.26,0.3,0.16,92,85119,9,68.36
D7F7C7CB,E93108C8,5,72,641,259,99,0.16,0.26,0.27,0.34,89,99813,7,72.1
D7F7C7CB,E97C8D1A,6,143,364,147,187,0.34,0.34,0.28,0.43,124,75264,8,75.26
D7F7C7CB,3DE2A32B,7,208,534,192,193,0.46,0.48,0.45,0.67,159,88619,14,76.32
D7F7C7CB,D7DF3685,8,197,599,205,287,0.35,0.38,0.31,0.49,150,94315,11,70.6
61273190,A2B99E1D,1,260,712,279,173,0.44,0.52,0.59,0.51,213,101003,15,76.48
61273190,C6107FC4,2,196,692,264,257,0.49,0.43,0.53,0.59,192,99880,16,85.05
61273190,0F81E385,3,123,732,296,164,0.36,0.41,0.6,0.75,174,95079,13,81.99
61273190,8DDCF24B,4,221,591,220,274,0.56,0.58,0.52,0.42,183,98309,19,81.91
61273190,E93108C8,5,226,667,278,263,0.61,0.69,0.61,0.5,214,114234,23,88.01
61273190,E97C8D1A,6,198,650,208,192,0.39,0.43,0.62,0.49,161,100216,13,83.34
61273190,3DE2A32B,7,201,694,267,223,0.52,0.64,0.71,0.71,182,107458,16,77.67
61273190,D7DF3685,8,226,627,255,265,0.65,0.66,0.62,0.66,181,106938,17,80.81
61272D3C,A2B99E1D,1,119,522,196,191,0.32,0.38,0.36,0.45,132,67289,11,77.95
61272D3C,C6107FC4,2,246,645,193,242,0.53,0.56,0.55,0.59,212,93133,18,83.44
61272D3C,0F81E385,3,226,630,201,278,0.64,0.47,0.7,0.63,219,93390,19,81.99
61272D3C,8DDCF24B,4,264,621,190,288,0.6,0.53,0.58,0.54,211,87107,19,78.37
61272D3C,E93108C8,5,93,622,218,210,0.37,0.51,0.6,0.51,195,85901,15,80.24
61272D3C,E97C8D1A,6,245,622,201,199,0.65,0.53,0.67,0.59,216,107196,17,75.26
61272D3C,3DE2A32B,7,263,605,176,181,0.75,0.61,0.68,0.7,221,98022,20,77.67
61272D3C,D7DF3685,8,294,637,182,275,0.71,0.62,0.68,0.63,241,100488,20,74.73
D7F7DB67,A2B99E1D,1,307,791,210,233,0.81,0.82,0.56,0.7,249,112556,28,79.78
D7F7DB67,C6107FC4,2,313,702,219,282,0.68,0.71,0.6,0.49,269,103755,22,73.25
D7F7DB67,0F81E385,3,334,703,237,271,0.7,0.71,0.59,0.54,259,119466,21,83.62
D7F7DB67,8DDCF24B,4,269,568,184,219,0.56,0.61,0.52,0.38,221,72111,22,72.24
D7F7DB67,E93108C8,5,287,747,228,195,0.69,0.55,0.65,0.56,230,104879,18,78.47
D7F7DB67,E97C8D1A,6,353,727,190,253,0.68,0.73,0.65,0.63,260,109472,19,71.95
D7F7DB67,3DE2A32B,7,351,768,202,309,0.66,0.78,0.43,0.43,264,115037,25,76.32
D7F7DB67,D7DF3685,8,331,819,222,301,0.64,0.71,0.76,0.67,251,124315,21,77.23
61271464,A2B99E1D,1,282,767,175,238,0.31,0.31,0.45,0.62,228,113061,14,74.83
61271464,C6107FC4,2,326,942,222,289,0.5,0.52,0.63,0.55,238,126763,19,70.45
61271464,0F81E385,3,284,822,206,324,0.45,0.48,0.54,0.52,217,118058,16,83.62
61271464,8DDCF24B,4,221,696,208,277,0.51,0.47,0.48,0.38,206,101107,17,75.45
61271464,E93108C8,5,235,817,221,319,0.34,0.44,0.51,0.41,214,111955,14,74.29
61271464,E97C8D1A,6,249,876,282,313,0.55,0.38,0.56,0.59,239,103604,18,73.16
61271464,3DE2A32B,7,268,871,301,284,0.59,0.59,0.54,0.45,254,117252,19,73.93
61271464,D7DF3685,8,197,781,260,206,0.41,0.48,0.59,0.6,229,97329,14,77.23
41529D67,A2B99E1D,1,205,565,208,211,0.4,0.58,0.52,0.64,170,85405,13,72.61
41529D67,C6107FC4,2,263,581,173,251,0.49,0.5,0.53,0.58,194,99914,19,60.88
41529D67,0F81E385,3,222,527,164,249,0.58,0.47,0.58,0.38,197,72558,19,66.99
41529D67,8DDCF24B,4,306,626,167,306,0.67,0.72,0.55,0.49,246,113756,21,63.91
41529D67,E93108C8,5,259,612,158,265,0.57,0.49,0.73,0.51,214,85327,17,64.67
41529D67,E97C8D1A,6,156,327,121,116,0.3,0.26,0.36,0.36,126,55293,6,44.23
41529D67,3DE2A32B,7,191,391,145,256,0.35,0.46,0.68,0.61,184,59100,14,43.64
41529D67,D7DF3685,8,215,486,147,137,0.52,0.36,0.67,0.58,211,62599,15,48.36
D7F7FE93,A2B99E1D,1,334,864,236,242,0.57,0.33,0.56,0.57,292,123337,20,71.42
D7F7FE93,C6107FC4,2,298,777,219,288,0.64,0.69,0.61,0.48,257,115680,17,83.44
D7F7FE93,0F81E385,3,296,818,231,257,0.78,0.6,0.66,0.76,268,108626,24,77.49
D7F7FE93,8DDCF24B,4,306,786,178,272,0.72,0.57,0.65,0.74,262,109139,23,77.61
D7F7FE93,E93108C8,5,283,693,182,334,0.64,0.48,0.69,0.71,242,97485,20,80.24
D7F7FE93,E97C8D1A,6,317,909,264,222,0.81,0.74,0.79,0.75,289,139675,21,83.34
D7F7FE93,3DE2A32B,7,347,782,260,276,0.85,0.66,0.71,0.73,306,121840,27,77.67
D7F7FE93,D7DF3685,8,327,821,268,272,0.77,0.68,0.66,0.71,278,123656,24,82.22
612708C8,A2B99E1D,1,249,726,182,224,0.43,0.58,0.34,0.43,186,87556,16,77.95
612708C8,C6107FC4,2,257,813,225,254,0.54,0.46,0.59,0.6,221,115549,19,76.86
612708C8,0F81E385,3,275,756,178,279,0.49,0.61,0.64,0.49,238,100934,22,78.69
612708C8,8DDCF24B,4,289,649,160,278,0.53,0.57,0.5,0.37,219,98373,16,77.61
612708C8,E93108C8,5,235,709,182,272,0.44,0.59,0.3,0.45,171,101562,15,72.1
612708C8,E97C8D1A,6,229,663,194,230,0.57,0.75,0.57,0.59,219,97018,19,65.24
612708C8,3DE2A32B,7,244,596,196,246,0.49,0.55,0.53,0.63,210,79089,14,73.93
612708C8,D7DF3685,8,215,711,209,168,0.45,0.41,0.48,0.51,170,90101,15,75.87
612766D4,A2B99E1D,1,126,791,231,149,0.4,0.49,0.32,0.47,179,92820,10,88.27
612766D4,C6107FC4,2,174,685,220,205,0.45,0.36,0.57,0.62,192,84548,15,62.68
612766D4,0F81E385,3,286,714,221,189,0.19,0.43,0.43,0.59,195,102420,14,71.32
612766D4,8DDCF24B,4,240,723,190,256,0.53,0.54,0.63,0.46,225,93190,18,61.77
612766D4,E93108C8,5,217,758,239,205,0.25,0.5,0.63,0.59,204,110702,15,69.35
612766D4,E97C8D1A,6,138,653,243,192,0.39,0.46,0.65,0.64,173,101739,17,57.11
612766D4,3DE2A32B,7,183,660,232,229,0.46,0.44,0.6,0.54,177,109955,14,68.02
612766D4,D7DF3685,8,215,682,247,317,0.45,0.49,0.54,0.58,193,102456,17,67.16
4E4846BE,A2B99E1D,1,285,977,299,195,0.5,0.48,0.58,0.68,235,101810,17,74.83
4E4846BE,C6107FC4,2,246,963,300,199,0.58,0.54,0.56,0.51,242,123982,19,74.66
4E4846BE,0F81E385,3,207,890,235,164,0.55,0.56,0.6,0.64,234,109712,19,81.99
4E4846BE,8DDCF24B,4,285,769,236,205,0.65,0.59,0.57,0.46,256,101953,23,75.45
4E4846BE,E93108C8,5,149,910,281,183,0.36,0.49,0.35,0.28,232,127450,16,70.19
4E4846BE,E97C8D1A,6,224,919,267,208,0.58,0.38,0.72,0.66,248,96894,21,69.94
4E4846BE,3DE2A32B,7,258,884,216,220,0.78,0.73,0.68,0.48,260,101917,22,76.32
4E4846BE,D7DF3685,8,275,1040,273,254,0.73,0.62,0.66,0.55,258,128629,21,75.87
F898AC49,A2B99E1D,1,199,544,204,255,0.25,0.28,0.44,0.52,148,92650,9,77.95
F898AC49,C6107FC4,2,231,548,191,256,0.53,0.39,0.49,0.41,180,78828,16,69.86
F898AC49,0F81E385,3,199,428,173,216,0.41,0.4,0.37,0.38,155,67134,12,70.43
F898AC49,8DDCF24B,4,240,425,138,238,0.57,0.53,0.48,0.39,192,54722,18,65.78
F898AC49,E93108C8,5,253,562,217,233,0.48,0.54,0.35,0.27,182,91557,14,67.47
F898AC49,E97C8D1A,6,243,432,177,216,0.62,0.48,0.55,0.5,208,67072,17,67.27
F898AC49,3DE2A32B,7,250,506,188,306,0.71,0.52,0.6,0.55,209,85536,20,73.93
F898AC49,D7DF3685,8,229,538,159,219,0.52,0.52,0.46,0.52,184,72669,16,71.41
4E485A12,A2B99E1D,1,252,567,182,312,0.56,0.65,0.45,0.48,225,95050,16,72.61
4E485A12,C6107FC4,2,342,747,218,256,0.69,0.78,0.59,0.63,308,107634,20,85.05
4E485A12,0F81E385,3,336,682,178,225,0.75,0.67,0.68,0.58,273,117181,25,83.62
4E485A12,8DDCF24B,4,297,642,192,215,0.67,0.54,0.66,0.59,248,106261,17,82.97
4E485A12,E93108C8,5,266,707,164,237,0.58,0.58,0.66,0.74,250,98825,18,83.25
4E485A12,E97C8D1A,6,249,805,261,168,0.79,0.75,0.78,0.77,263,109664,19,80.04
4E485A12,3DE2A32B,7,333,701,262,197,0.72,0.72,0.68,0.72,289,111060,25,80.49
4E485A12,D7DF3685,8,362,787,248,212,0.71,0.69,0.65,0.68,297,121189,25,85.77
BA2AB888,A2B99E1D,1,106,382,151,149,0.22,0.2,0.3,0.44,81,53787,9,74.83
BA2AB888,C6107FC4,2,216,585,214,225,0.45,0.37,0.47,0.43,163,95139,16,69.27
BA2AB888,E93108C8,3,168,334,154,128,0.31,0.22,0.3,0.38,105,51615,9,64.67
BA2AB888,E97C8D1A,4,226,657,212,326,0.49,0.49,0.47,0.52,195,107067,18,69.94
BA2AB888,3DE2A32B,5,255,611,173,265,0.46,0.54,0.63,0.5,200,90265,16,71.15
BA2AB888,D7DF3685,6,243,639,197,224,0.66,0.68,0.49,0.51,195,97579,17,74.73
BA2AB888,ECD1AFC8,7,239,667,223,199,0.5,0.44,0.5,0.54,193,99847,13,67.01
BA2AB888,AE740D27,8,227,576,177,226,0.55,0.46,0.47,0.57,197,87529,13,72.14
B61C5DF6,3ECEF7F3,1,238,510,172,149,0.49,0.56,0.56,0.23,191,57486,18,62.94
B61C5DF6,6198B2D1,2,254,771,183,195,0.56,0.7,0.53,0.46,210,84911,17,66.53
B61C5DF6,7E38710A,3,302,600,161,250,0.63,0.71,0.52,0.55,240,94111,18,64.47
B61C5DF6,92250150,4,280,553,139,244,0.48,0.61,0.4,0.41,182,84159,17,65.31
B61C5DF6,FC7DC8A0,5,243,457,131,264,0.31,0.35,0.35,0.39,136,68782,9,63.44
B61C5DF6,3DB343E2,6,188,440,134,190,0.38,0.36,0.38,0.4,125,69525,13,61.36
B61C5DF6,2D879E52,7,202,436,109,228,0.47,0.5,0.4,0.31,153,68542,17,70.72
B61C5DF6,4B912491,8,229,580,193,225,0.42,0.45,0.42,0.46,165,81808,14,63.26
33ED839D,3ECEF7F3,1,244,744,167,238,0.67,0.53,0.73,0.45,212,81730,20,54.58
33ED839D,6198B2D1,2,209,531,114,206,0.55,0.35,0.48,0.35,188,55895,18,61.63
33ED839D,7E38710A,3,186,461,101,201,0.41,0.29,0.45,0.51,147,50404,12,62.15
33ED839D,92250150,4,222,639,139,167,0.52,0.4,0.53,0.33,179,67844,16,65.31
33ED839D,FC7DC8A0,5,235,616,149,310,0.58,0.4,0.76,0.41,200,65513,19,61.2
33ED839D,3DB343E2,6,236,557,127,260,0.57,0.6,0.8,0.4,196,64558,16,55.22
33ED839D,2D879E52,7,212,557,144,239,0.52,0.33,0.7,0.31,161,70833,15,57.06
33ED839D,4B912491,8,244,605,147,261,0.77,0.53,0.8,0.42,199,74101,22,63.26
173E67ED,3ECEF7F3,1,137,286,109,196,0.37,0.44,0.33,0.29,104,44290,13,55.4
173E67ED,6198B2D1,2,269,691,154,219,0.36,0.58,0.38,0.28,197,82995,15,61.63
173E67ED,7E38710A,3,303,477,56,191,0.66,0.64,0.75,0.11,218,40682,18,62.15
173E67ED,92250150,4,263,290,44,177,0.3,0.48,0.48,0.86,112,66506,11,63.53
173E67ED,FC7DC8A0,5,134,461,153,249,0.26,0.41,0.37,0.47,93,49364,9,57.79
173E67ED,3DB343E2,6,208,463,137,209,0.3,0.49,0.23,0.2,111,63918,11,59.11
173E67ED,2D879E52,7,104,210,68,228,0.24,0.38,0.16,0.89,60,35077,7,48.82
173E67ED,4B912491,8,157,336,97,121,0.31,0.43,0.14,0.9,94,52651,10,54.52
E37F390A,3ECEF7F3,1,318,522,132,191,0.75,0.57,0.73,0.44,271,70718,20,66.06
E37F390A,6198B2D1,2,355,498,97,236,0.9,0.64,0.72,0.36,309,80567,26,69
E37F390A,7E38710A,3,273,323,56,207,0.77,0.46,0.55,0.33,222,25055,21,65.59
E37F390A,92250150,4,227,485,89,190,0.7,0.41,0.42,0.29,191,40246,20,68.66
E37F390A,FC7DC8A0,5,306,467,117,236,0.78,0.43,0.57,0.34,217,43240,31,66.66
E37F390A,3DB343E2,6,313,540,123,294,0.86,0.51,0.51,0.33,230,66727,24,64.63
E37F390A,2D879E52,7,323,611,126,183,0.73,0.52,0.63,0.37,282,60696,22,65.73
E37F390A,4B912491,8,330,449,131,212,0.89,0.61,0.64,0.11,286,69347,28,70.66
38E0C847,3ECEF7F3,1,168,378,123,254,0.51,0.49,0.55,0.4,168,46942,16,68.82
38E0C847,6198B2D1,2,166,595,232,202,0.41,0.53,0.33,0.23,144,76967,13,63.5
38E0C847,7E38710A,3,235,514,115,320,0.43,0.39,0.3,0.37,203,84237,17,58.85
38E0C847,92250150,4,288,443,165,273,0.65,0.72,0.41,0.49,244,104215,21,70.75
38E0C847,FC7DC8A0,5,302,394,147,292,0.74,0.76,0.49,0.4,261,72642,22,70.62
38E0C847,3DB343E2,6,236,404,127,301,0.53,0.64,0.46,0.4,211,79349,18,64.63
38E0C847,2D879E52,7,287,422,114,315,0.62,0.7,0.63,0.3,243,84030,20,71.89
38E0C847,4B912491,8,207,449,135,280,0.32,0.42,0.45,0.32,189,69021,12,67.49
BD11162C,3ECEF7F3,1,173,494,159,124,0.49,0.57,0.56,0.63,163,68361,17,55.4
BD11162C,6198B2D1,2,127,291,114,144,0.34,0.43,0.43,0.46,128,32967,12,52.8
BD11162C,7E38710A,3,232,471,170,259,0.46,0.57,0.41,0.41,185,83202,15,56.42
BD11162C,92250150,4,258,652,210,213,0.51,0.64,0.51,0.57,222,86136,20,65.97
BD11162C,FC7DC8A0,5,144,335,117,148,0.54,0.34,0.4,0.4,136,60734,16,54.39
BD11162C,3DB343E2,6,221,446,130,213,0.72,0.68,0.49,0.53,187,70198,19,64.63
BD11162C,2D879E52,7,179,507,185,223,0.46,0.5,0.53,0.63,155,81162,15,65.73
BD11162C,4B912491,8,203,560,156,182,0.54,0.52,0.55,0.5,181,75210,15,70.66
16AD6797,3ECEF7F3,1,242,555,112,174,0.5,0.57,0.39,0.35,229,71942,20,64.02
16AD6797,6198B2D1,2,262,805,173,102,0.55,0.53,0.59,0.37,241,93764,17,69
16AD6797,7E38710A,3,208,477,120,201,0.46,0.49,0.35,0.26,193,85249,17,51.54
16AD6797,92250150,4,184,522,113,197,0.45,0.5,0.42,0.5,197,86870,14,62.35
16AD6797,FC7DC8A0,5,193,508,147,151,0.5,0.48,0.29,0.5,182,89667,16,54.39
16AD6797,3DB343E2,6,165,536,143,95,0.35,0.37,0.48,0.41,164,78071,13,59.11
16AD6797,2D879E52,7,166,495,138,97,0.39,0.43,0.48,0.51,145,62881,13,60.52
16AD6797,4B912491,8,160,472,161,143,0.42,0.56,0.43,0.53,178,57784,15,62.38
935CB9FC,3ECEF7F3,1,189,429,156,220,0.63,0.43,0.54,0.22,173,59929,16,66.06
935CB9FC,6198B2D1,2,116,559,179,126,0.35,0.35,0.41,0.35,121,61845,11,66.53
935CB9FC,7E38710A,3,149,336,97,238,0.46,0.35,0.3,0.31,147,57741,11,57.27
935CB9FC,92250150,4,184,527,154,158,0.53,0.39,0.39,0.34,171,50641,15,65.97
935CB9FC,FC7DC8A0,5,233,549,144,151,0.66,0.55,0.53,0.4,197,64857,16,64.44
935CB9FC,3DB343E2,6,213,497,177,209,0.42,0.49,0.27,0.39,180,80490,15,59.11
935CB9FC,2D879E52,7,197,590,196,210,0.57,0.4,0.52,0.4,187,66093,16,58.08
935CB9FC,4B912491,8,195,478,150,175,0.46,0.41,0.42,0.33,165,64625,14,68.35
C63FDD00,3ECEF7F3,1,137,298,116,166,0.22,0.21,0.25,0.27,89,47014,7,51.83
C63FDD00,6198B2D1,2,76,402,121,98,0.22,0.16,0.35,0.46,108,59020,9,52.8
C63FDD00,7E38710A,3,117,222,81,150,0.36,0.45,0.41,0.33,75,45116,11,56.42
C63FDD00,92250150,4,168,224,89,120,0.35,0.36,0.38,0.2,133,60315,11,59.53
C63FDD00,FC7DC8A0,5,241,415,125,178,0.62,0.61,0.51,0.39,190,82892,16,70.62
C63FDD00,3DB343E2,6,179,550,146,73,0.42,0.32,0.5,0.52,164,78959,15,54.29
C63FDD00,2D879E52,7,181,474,144,91,0.45,0.42,0.52,0.53,140,61184,15,60.52
C63FDD00,4B912491,8,180,520,155,121,0.41,0.3,0.47,0.51,131,72419,10,66.72
43CE036B,3ECEF7F3,1,251,306,112,226,0.72,0.62,0.64,0.35,201,48328,22,61.04
43CE036B,6198B2D1,2,293,379,121,307,0.68,0.52,0.47,0.43,224,86241,19,57.55
43CE036B,7E38710A,3,278,456,125,271,0.78,0.79,0.43,0.52,237,80645,25,58.85
43CE036B,92250150,4,311,616,172,266,0.7,0.77,0.41,0.35,283,98988,22,65.31
43CE036B,FC7DC8A0,5,363,551,133,228,0.63,0.69,0.46,0.36,307,93447,19,82.54
43CE036B,3DB343E2,6,323,562,146,265,0.62,0.59,0.58,0.32,248,98890,26,67.9
43CE036B,2D879E52,7,281,562,161,228,0.62,0.64,0.62,0.55,253,84366,20,66.87
43CE036B,4B912491,8,261,520,135,272,0.68,0.71,0.6,0.45,224,80153,22,69.12
6CF914F8,3ECEF7F3,1,374,806,163,311,0.5,0.46,0.77,0.71,302,123872,17,62.94
6CF914F8,6198B2D1,2,281,604,154,299,0.4,0.43,0.64,0.43,175,92792,11,61.63
6CF914F8,7E38710A,3,356,934,166,304,0.67,0.56,0.76,0.53,293,140081,23,64.47
6CF914F8,92250150,4,320,730,168,306,0.55,0.53,0.55,0.45,254,113874,17,68.66
6CF914F8,FC7DC8A0,5,245,523,133,316,0.48,0.56,0.44,0.39,173,80205,16,69.8
6CF914F8,3DB343E2,6,244,573,161,248,0.4,0.38,0.52,0.55,159,73499,17,62.45
6CF914F8,2D879E52,7,286,690,176,268,0.45,0.43,0.53,0.75,183,92227,16,67.86
6CF914F8,4B912491,8,280,565,166,292,0.54,0.47,0.66,0.48,205,83797,16,59.81
E908CA93,3ECEF7F3,1,175,596,172,170,0.37,0.22,0.37,0.38,150,75371,14,62.94
E908CA93,6198B2D1,2,135,473,126,137,0.43,0.21,0.52,0.32,141,63507,14,61.63
E908CA93,7E38710A,3,155,642,204,220,0.38,0.44,0.34,0.42,152,85510,13,62.15
E908CA93,92250150,4,206,699,193,237,0.53,0.39,0.61,0.46,177,111163,15,65.97
E908CA93,FC7DC8A0,5,99,239,98,223,0.34,0.36,0.09,0.1,85,65022,9,68.7
E908CA93,3DB343E2,6,120,345,112,184,0.36,0.33,0.12,0.09,95,56836,11,62.45
E908CA93,2D879E52,7,124,307,68,245,0.38,0.31,0.2,0.89,90,63231,10,60.52
E908CA93,4B912491,8,114,351,97,182,0.25,0.25,0.17,0.91,76,56571,7,63.26
BC6BAE6F,3ECEF7F3,1,141,286,109,160,0.31,0.32,0.65,0.47,95,50285,10,58.89
BC6BAE6F,6198B2D1,2,216,514,156,241,0.35,0.38,0.35,0.34,183,59340,17,68.24
BC6BAE6F,7E38710A,3,198,508,125,145,0.48,0.49,0.5,0.33,135,60545,14,62.15
BC6BAE6F,92250150,4,197,534,132,208,0.45,0.3,0.54,0.45,195,49174,15,67.15
BC6BAE6F,FC7DC8A0,5,118,449,125,206,0.39,0.26,0.62,0.39,117,56967,14,55.25
BC6BAE6F,3DB343E2,6,170,485,130,136,0.36,0.31,0.65,0.53,141,64491,12,67.9
BC6BAE6F,2D879E52,7,143,397,129,178,0.36,0.28,0.51,0.52,134,61990,13,66.87
BC6BAE6F,4B912491,8,280,472,135,217,0.46,0.47,0.54,0.32,248,78802,20,66.72
D92F8056,3ECEF7F3,1,94,219,93,115,0.15,0.23,0.17,0.29,55,38482,5,56.1
D92F8056,6198B2D1,2,68,328,143,140,0.16,0.17,0.27,0.42,42,50816,5,52.8
D92F8056,7E38710A,3,51,118,73,86,0.14,0.07,0.18,0.3,33,29427,6,52.56
D92F8056,92250150,4,92,224,89,114,0.29,0.29,0.45,0.36,73,34749,8,54.34
D92F8056,1D453454,5,136,198,24,131,0.14,0.24,0.92,0.87,63,37440,5,59.49
D92F8056,FC7DC8A0,6,123,281,131,97,0.23,0.25,0.19,0.21,70,54383,5,50.73
D92F8056,3DB343E2,7,80,389,140,53,0.25,0.03,0.53,0.64,72,63161,8,60.21
D92F8056,2D879E52,8,74,258,101,32,0.27,0.04,0.3,0.21,63,36311,7,55.46
E2058149,3ECEF7F3,1,235,545,149,185,0.56,0.48,0.47,0.54,177,74698,16,62.94
E2058149,6198B2D1,2,229,437,105,107,0.54,0.56,0.64,0.48,186,59180,17,69
E2058149,7E38710A,3,220,617,150,183,0.58,0.42,0.49,0.48,190,83926,19,54.92
E2058149,92250150,4,203,514,128,188,0.51,0.47,0.57,0.42,195,77547,16,64.26
E2058149,FC7DC8A0,5,221,539,141,178,0.76,0.67,0.64,0.47,221,68872,22,53.26
E2058149,3DB343E2,6,213,557,140,222,0.48,0.44,0.53,0.5,208,80541,18,66.84
E2058149,2D879E52,7,207,554,158,193,0.55,0.56,0.5,0.6,183,76517,15,66.87
E2058149,4B912491,8,183,446,145,217,0.52,0.46,0.47,0.52,154,68300,15,64.24
67F45F22,3ECEF7F3,1,206,564,164,170,0.44,0.44,0.51,0.46,183,66790,16,79.53
67F45F22,6198B2D1,2,121,375,136,120,0.31,0.27,0.26,0.31,108,32175,11,79.2
67F45F22,7E38710A,3,155,419,97,246,0.32,0.36,0.26,0.33,116,34582,9,73.43
67F45F22,92250150,4,197,451,139,194,0.43,0.32,0.51,0.43,150,54914,12,73.84
67F45F22,FC7DC8A0,5,110,394,121,221,0.34,0.27,0.38,0.23,93,55986,12,57.79
67F45F22,3DB343E2,6,149,408,134,100,0.34,0.39,0.33,0.4,136,49427,12,70.89
67F45F22,2D879E52,7,160,491,142,138,0.31,0.31,0.4,0.34,134,50464,12,70.72
67F45F22,4B912491,8,186,466,139,212,0.42,0.39,0.35,0.32,141,67413,14,78.21
7F84927E,3ECEF7F3,1,261,761,199,251,0.72,0.74,0.83,0.57,268,110906,20,79.53
7F84927E,6198B2D1,2,286,544,167,269,0.77,0.62,0.76,0.69,273,88033,23,77.79
7F84927E,7E38710A,3,254,680,228,237,0.76,0.72,0.51,0.66,246,93591,23,78.58
7F84927E,92250150,4,255,748,223,205,0.68,0.73,0.65,0.48,232,95317,20,73.84
7F84927E,FC7DC8A0,5,164,423,175,148,0.6,0.55,0.54,0.6,162,73058,14,57.79
7F84927E,3DB343E2,6,239,497,165,224,0.54,0.61,0.33,0.46,225,80360,19,79.12
7F84927E,2D879E52,7,285,586,175,229,0.61,0.66,0.65,0.65,264,91864,20,82.39
7F84927E,4B912491,8,240,494,152,231,0.59,0.69,0.44,0.41,214,74073,18,69.12
FA754C15,3ECEF7F3,1,121,455,179,124,0.28,0.37,0.33,0.42,102,63576,10,57.63
FA754C15,6198B2D1,2,169,579,170,151,0.49,0.5,0.52,0.54,132,69080,14,52.8
FA754C15,7E38710A,3,194,689,181,210,0.6,0.65,0.72,0.67,147,79738,17,63.36
FA754C15,92250150,4,152,734,188,204,0.45,0.54,0.59,0.47,133,62528,13,63.53
FA754C15,FC7DC8A0,5,189,667,151,131,0.43,0.53,0.62,0.68,136,64458,16,56.08
FA754C15,3DB343E2,6,183,664,155,184,0.44,0.54,0.7,0.62,176,78097,14,61.36
FA754C15,2D879E52,7,211,659,157,163,0.6,0.62,0.68,0.72,170,81472,17,63.86
FA754C15,4B912491,8,220,616,135,175,0.71,0.67,0.54,0.32,197,76385,21,64.24
AF1628E9,3ECEF7F3,1,121,489,149,115,0.37,0.14,0.5,0.58,107,59419,9,59.87
AF1628E9,6198B2D1,2,76,261,105,114,0.38,0.22,0.55,0.48,71,52544,10,56.7
AF1628E9,7E38710A,3,186,497,181,203,0.36,0.28,0.52,0.51,116,58285,14,56.42
AF1628E9,92250150,4,168,280,94,158,0.35,0.25,0.51,0.35,123,28624,11,62.35
AF1628E9,FC7DC8A0,5,200,405,125,249,0.37,0.24,0.67,0.39,136,74128,12,63.44
AF1628E9,3DB343E2,6,154,463,151,123,0.22,0.19,0.32,0.39,105,67966,10,61.36
AF1628E9,2D879E52,7,157,386,145,179,0.34,0.2,0.4,0.45,125,55849,12,53.73
AF1628E9,4B912491,8,164,472,170,117,0.33,0.22,0.38,0.32,119,62026,10,57.88
2AE7F682,3ECEF7F3,1,260,570,126,270,0.62,0.69,0.34,0.46,218,80386,19,68.05
2AE7F682,6198B2D1,2,272,402,126,209,0.67,0.68,0.6,0.55,238,73581,22,73.89
2AE7F682,7E38710A,3,247,734,179,186,0.56,0.47,0.71,0.56,239,89048,17,73.43
2AE7F682,92250150,4,272,456,94,255,0.58,0.68,0.61,0.45,235,84444,20,68.18
2AE7F682,FC7DC8A0,5,144,355,144,131,0.54,0.5,0.5,0.48,166,46205,14,68.7
2AE7F682,3DB343E2,6,242,422,130,248,0.65,0.69,0.48,0.39,208,72753,21,66.84
2AE7F682,2D879E52,7,247,460,157,281,0.63,0.62,0.59,0.46,215,75559,19,67.86
2AE7F682,4B912491,8,190,425,128,247,0.41,0.48,0.29,0.34,157,61072,15,59.81
05D0E111,3ECEF7F3,1,206,543,105,207,0.35,0.24,0.57,0.28,160,71857,14,53.49
05D0E111,6198B2D1,2,148,379,114,195,0.45,0.41,0.49,0.31,148,60885,15,52.8
05D0E111,7E38710A,3,191,501,106,310,0.67,0.38,0.54,0.4,188,81265,18,52.56
05D0E111,92250150,4,184,626,132,184,0.44,0.39,0.59,0.53,157,71829,15,59.53
05D0E111,FC7DC8A0,5,238,508,144,236,0.58,0.37,0.58,0.48,192,74833,16,65.5
05D0E111,3DB343E2,6,170,440,134,195,0.47,0.42,0.64,0.4,130,61954,15,54.29
05D0E111,2D879E52,7,196,515,140,269,0.6,0.45,0.6,0.44,178,68662,19,49.97
05D0E111,4B912491,8,232,520,163,182,0.63,0.47,0.63,0.52,197,70343,19,54.52
80213F7A,3ECEF7F3,1,315,659,161,346,0.54,0.49,0.59,0.52,229,101988,18,68.82
80213F7A,6198B2D1,2,307,912,163,288,0.47,0.57,0.57,0.42,202,102566,17,71.91
80213F7A,7E38710A,3,271,696,200,325,0.53,0.37,0.42,0.46,188,103229,20,70.03
80213F7A,92250150,4,235,722,175,289,0.4,0.41,0.41,0.43,154,103303,15,68.18
80213F7A,FC7DC8A0,5,238,470,161,331,0.33,0.36,0.36,0.35,136,89289,16,57.79
80213F7A,3DB343E2,6,200,505,156,161,0.36,0.28,0.4,0.57,130,71262,12,67.9
80213F7A,2D879E52,7,248,587,192,304,0.46,0.47,0.45,0.59,183,99382,12,67.86
80213F7A,4B912491,8,218,566,179,258,0.41,0.33,0.47,0.57,168,76597,14,69.12
94CED848,3ECEF7F3,1,311,916,267,321,0.69,0.54,0.61,0.7,290,135440,21,68.82
94CED848,6198B2D1,2,327,816,245,295,0.69,0.68,0.66,0.67,285,124203,19,63.5
94CED848,7E38710A,3,314,870,269,272,0.58,0.78,0.6,0.68,292,126898,19,76.9
94CED848,92250150,4,375,725,220,347,0.61,0.73,0.64,0.75,322,132163,20,68.66
94CED848,FC7DC8A0,5,206,765,203,159,0.51,0.5,0.64,0.78,221,99448,16,69.8
94CED848,3DB343E2,6,277,713,207,301,0.72,0.7,0.6,0.72,251,102276,19,69.88
94CED848,2D879E52,7,258,702,219,321,0.57,0.57,0.62,0.78,241,116758,18,67.86
94CED848,4B912491,8,258,669,200,337,0.63,0.62,0.58,0.75,250,101317,20,62.38
C1ADBCB4,3ECEF7F3,1,183,630,198,160,0.33,0.42,0.4,0.61,163,87662,14,72.93
C1ADBCB4,6198B2D1,2,184,685,206,133,0.62,0.52,0.53,0.42,211,105765,17,66.53
C1ADBCB4,7E38710A,3,198,534,195,127,0.37,0.43,0.52,0.47,198,91336,15,68.9
C1ADBCB4,92250150,4,157,714,236,134,0.56,0.57,0.36,0.36,191,77704,20,73.84
C1ADBCB4,FC7DC8A0,5,206,770,245,200,0.42,0.44,0.49,0.6,207,126367,19,77.19
C1ADBCB4,3DB343E2,6,193,692,219,123,0.35,0.4,0.47,0.54,168,86345,14,75.93
C1ADBCB4,2D879E52,7,213,711,227,197,0.52,0.47,0.47,0.57,212,106470,17,70.72
C1ADBCB4,4B912491,8,203,679,238,201,0.56,0.51,0.62,0.65,189,101457,18,72.49
445C62DF,3ECEF7F3,1,202,739,230,196,0.6,0.6,0.55,0.64,203,83228,18,64.02
445C62DF,6198B2D1,2,227,707,219,147,0.6,0.55,0.53,0.67,200,93333,17,73.89
445C62DF,7E38710A,3,186,749,247,119,0.51,0.5,0.47,0.6,170,92368,14,78.58
445C62DF,92250150,4,161,670,223,155,0.49,0.39,0.5,0.58,171,83279,15,71.4
445C62DF,FC7DC8A0,5,164,560,185,101,0.41,0.4,0.55,0.62,169,74155,12,75.56
445C62DF,3DB343E2,6,193,667,215,161,0.55,0.57,0.48,0.59,196,82453,15,75.93
445C62DF,2D879E52,7,204,641,211,165,0.54,0.56,0.44,0.44,191,85927,15,70.72
445C62DF,4B912491,8,186,655,230,121,0.47,0.54,0.45,0.52,184,88753,14,72.49
EE9AAB27,3ECEF7F3,1,237,525,210,244,0.59,0.54,0.35,0.53,196,90401,18,68.05
EE9AAB27,6198B2D1,2,144,624,232,74,0.45,0.49,0.51,0.74,175,80593,17,71.91
EE9AAB27,7E38710A,3,140,440,172,121,0.52,0.4,0.49,0.51,159,82479,16,68.9
EE9AAB27,92250150,4,253,456,213,148,0.52,0.52,0.5,0.7,220,73910,17,72
EE9AAB27,FC7DC8A0,5,181,726,220,233,0.5,0.45,0.34,0.47,190,96220,14,74.15
EE9AAB27,3DB343E2,6,208,642,240,161,0.4,0.41,0.45,0.69,155,90620,13,70.89
EE9AAB27,2D879E52,7,155,524,206,115,0.44,0.48,0.41,0.54,138,72391,16,80.58
EE9AAB27,4B912491,8,190,582,193,212,0.44,0.54,0.39,0.63,149,87134,13,72.49
BBF9CFDB,3ECEF7F3,1,168,499,214,191,0.55,0.46,0.55,0.62,153,65121,18,62.94
BBF9CFDB,6198B2D1,2,109,509,205,117,0.3,0.36,0.37,0.42,141,62740,10,62.51
BBF9CFDB,7E38710A,3,129,344,189,79,0.42,0.23,0.32,0.33,101,53019,9,63.36
BBF9CFDB,92250150,4,120,550,232,217,0.39,0.26,0.31,0.39,93,80464,10,60.87
BBF9CFDB,FC7DC8A0,5,196,704,223,206,0.51,0.36,0.5,0.52,203,87927,14,68.7
BBF9CFDB,3DB343E2,6,217,704,235,217,0.58,0.48,0.5,0.4,237,91474,16,61.36
BBF9CFDB,2D879E52,7,243,664,203,199,0.38,0.41,0.38,0.26,167,86976,13,65.73
BBF9CFDB,4B912491,8,199,636,211,138,0.41,0.44,0.36,0.4,165,85223,12,63.26
3E0811B0,3ECEF7F3,1,322,947,228,282,0.66,0.56,0.56,0.62,265,107240,23,81.25
3E0811B0,6198B2D1,2,250,748,235,181,0.64,0.64,0.52,0.44,220,95258,18,81.04
3E0811B0,7E38710A,3,178,699,220,98,0.43,0.4,0.42,0.49,190,95109,11,84.55
3E0811B0,92250150,4,219,784,244,162,0.5,0.57,0.4,0.36,210,82350,18,77.83
3E0811B0,FC7DC8A0,5,319,944,285,88,0.64,0.59,0.55,0.65,270,132369,19,82.54
3E0811B0,3DB343E2,6,344,726,295,235,0.91,0.75,0.37,0.48,300,113406,28,90.14
3E0811B0,2D879E52,7,343,800,256,195,0.61,0.64,0.41,0.31,297,130272,19,82.39
3E0811B0,4B912491,8,335,873,319,207,0.53,0.68,0.5,0.48,305,118208,20,87.03
E597E0FD,3ECEF7F3,1,276,801,295,285,0.68,0.63,0.59,0.6,234,115943,19,76.58
E597E0FD,6198B2D1,2,243,753,227,244,0.47,0.57,0.52,0.58,205,120740,17,73.89
E597E0FD,7E38710A,3,320,798,234,241,0.43,0.75,0.46,0.65,253,115356,20,74.97
E597E0FD,92250150,4,316,766,217,293,0.54,0.7,0.68,0.57,253,107153,20,68.18
E597E0FD,FC7DC8A0,5,360,883,274,283,0.7,0.78,0.5,0.54,281,127735,22,82.54
E597E0FD,3DB343E2,6,396,1091,256,291,0.58,0.69,0.56,0.56,302,164243,18,85.91
E597E0FD,2D879E52,7,377,898,261,302,0.52,0.7,0.46,0.35,274,141891,19,78.73
E597E0FD,4B912491,8,373,1015,271,261,0.44,0.62,0.5,0.54,270,159387,20,75.6
60663E96,3ECEF7F3,1,311,749,232,268,0.69,0.65,0.45,0.58,235,106344,23,73.78
60663E96,6198B2D1,2,305,758,217,298,0.5,0.57,0.68,0.76,220,111424,17,70.87
60663E96,7E38710A,3,334,699,240,256,0.67,0.75,0.63,0.61,261,114113,23,74.97
60663E96,92250150,4,323,664,223,314,0.59,0.68,0.53,0.7,276,131960,20,75.2
60663E96,FC7DC8A0,5,316,732,239,279,0.69,0.72,0.61,0.65,249,109761,14,75.56
60663E96,3DB343E2,6,280,672,219,271,0.62,0.57,0.61,0.63,230,98728,17,72.02
60663E96,2D879E52,7,278,811,229,273,0.6,0.61,0.62,0.5,245,110152,18,77.32
60663E96,4B912491,8,266,764,225,261,0.67,0.67,0.66,0.68,232,109281,20,75.6
CBDA4F2D,3ECEF7F3,1,248,801,243,203,0.46,0.55,0.38,0.44,246,113639,16,76.58
CBDA4F2D,6198B2D1,2,236,816,322,191,0.46,0.52,0.54,0.53,197,108080,17,71.91
CBDA4F2D,7E38710A,3,211,884,262,143,0.53,0.5,0.64,0.72,200,98149,17,73.43
CBDA4F2D,92250150,4,200,879,290,244,0.45,0.41,0.53,0.6,179,102785,16,65.31
CBDA4F2D,FC7DC8A0,5,238,808,243,159,0.49,0.47,0.45,0.55,192,112723,16,68.7
CBDA4F2D,3DB343E2,6,239,775,277,228,0.45,0.42,0.39,0.43,187,102348,15,79.12
CBDA4F2D,2D879E52,7,270,905,292,217,0.54,0.59,0.54,0.55,222,110551,20,70.72
CBDA4F2D,4B912491,8,234,758,265,225,0.69,0.46,0.71,0.74,197,95646,18,68.35
4E2B9146,3ECEF7F3,1,237,714,196,224,0.41,0.5,0.39,0.45,179,94549,16,74.94
4E2B9146,6198B2D1,2,290,836,226,236,0.56,0.55,0.62,0.73,241,103680,18,72.96
4E2B9146,7E38710A,3,294,888,183,207,0.48,0.65,0.62,0.62,240,104448,20,68.9
4E2B9146,92250150,4,191,791,213,232,0.5,0.41,0.56,0.64,189,85041,15,72.75
4E2B9146,FC7DC8A0,5,257,927,256,287,0.46,0.53,0.61,0.72,232,124888,19,82.54
4E2B9146,3DB343E2,6,287,988,252,262,0.44,0.57,0.6,0.81,262,115745,17,75.93
4E2B9146,2D879E52,7,261,1019,268,205,0.53,0.55,0.5,0.74,222,133010,16,74.23
4E2B9146,4B912491,8,297,1008,235,247,0.64,0.53,0.65,0.72,276,125124,19,82.8
1B48F5BA,3ECEF7F3,1,231,600,234,242,0.6,0.62,0.69,0.66,212,88940,17,81.25
1B48F5BA,6198B2D1,2,252,581,221,261,0.47,0.49,0.61,0.8,180,87741,17,84.46
1B48F5BA,7E38710A,3,198,610,208,119,0.25,0.31,0.72,0.76,193,75451,14,82.71
1B48F5BA,92250150,4,279,639,223,165,0.51,0.66,0.67,0.78,218,87847,16,77.83
1B48F5BA,FC7DC8A0,5,149,660,214,58,0.34,0.41,0.46,0.58,156,76146,12,82.54
1B48F5BA,3DB343E2,6,99,634,227,19,0.32,0.25,0.27,0.41,145,76358,10,85.91
1B48F5BA,2D879E52,7,239,606,248,229,0.51,0.56,0.49,0.75,203,94082,17,82.39
1B48F5BA,4B912491,8,136,619,230,109,0.33,0.35,0.65,0.74,165,88379,15,84.01
9EB92BD1,3ECEF7F3,1,206,717,257,163,0.61,0.65,0.56,0.57,209,100149,17,79.53
9EB92BD1,6198B2D1,2,209,702,210,140,0.66,0.54,0.62,0.47,213,100420,19,72.96
9EB92BD1,7E38710A,3,220,696,234,155,0.67,0.4,0.76,0.68,233,92848,21,78.58
9EB92BD1,92250150,4,245,817,263,174,0.63,0.53,0.63,0.76,227,105929,21,76.26
9EB92BD1,FC7DC8A0,5,299,795,229,218,0.75,0.68,0.64,0.61,275,114786,22,82.54
9EB92BD1,3DB343E2,6,295,677,225,278,0.7,0.72,0.59,0.69,271,99119,24,85.91
9EB92BD1,2D879E52,7,257,724,243,163,0.59,0.55,0.55,0.65,235,102493,19,78.73
9EB92BD1,4B912491,8,242,628,221,231,0.68,0.55,0.65,0.63,226,86450,21,75.6
B18E3C42,3ECEF7F3,1,147,786,209,188,0.5,0.41,0.46,0.7,213,110054,15,74.94
B18E3C42,6198B2D1,2,116,648,245,195,0.38,0.39,0.47,0.41,166,98923,12,77.79
B18E3C42,7E38710A,3,145,600,198,212,0.41,0.48,0.52,0.53,185,95917,15,82.71
B18E3C42,92250150,4,191,643,210,136,0.39,0.41,0.45,0.49,154,89613,13,73.84
B18E3C42,FC7DC8A0,5,139,690,205,155,0.36,0.37,0.63,0.58,176,76861,14,82.54
B18E3C42,3DB343E2,6,170,680,200,108,0.37,0.4,0.59,0.5,155,89884,13,75.93
B18E3C42,2D879E52,7,115,563,191,86,0.3,0.28,0.46,0.43,153,67320,15,73.14
B18E3C42,4B912491,8,119,586,182,143,0.33,0.28,0.47,0.49,131,82427,12,73.36
347FE229,3ECEF7F3,1,340,855,199,210,0.48,0.63,0.51,0.41,252,115485,20,79.53
347FE229,6198B2D1,2,280,956,253,126,0.54,0.52,0.51,0.45,240,138541,19,81.04
347FE229,7E38710A,3,286,747,191,177,0.53,0.5,0.62,0.47,220,113233,17,76.9
347FE229,92250150,4,300,931,234,184,0.6,0.62,0.57,0.5,264,121651,20,78.83
347FE229,FC7DC8A0,5,296,849,237,194,0.78,0.68,0.42,0.51,271,118669,24,77.19
347FE229,3DB343E2,6,316,938,272,286,0.82,0.68,0.71,0.57,280,117324,25,85.91
347FE229,2D879E52,7,324,825,239,252,0.6,0.54,0.53,0.38,243,118983,18,77.32
347FE229,4B912491,8,356,920,229,247,0.56,0.71,0.63,0.68,288,122323,24,82.8
611C86D5,3ECEF7F3,1,295,797,272,248,0.56,0.49,0.69,0.67,217,111476,22,76.58
611C86D5,6198B2D1,2,311,778,217,261,0.6,0.52,0.62,0.67,241,116346,18,73.89
611C86D5,7E38710A,3,276,814,275,196,0.44,0.49,0.51,0.5,229,89155,13,78.58
611C86D5,92250150,4,251,781,259,255,0.6,0.56,0.51,0.63,204,106136,16,80.76
611C86D5,FC7DC8A0,5,268,776,231,286,0.64,0.67,0.7,0.73,226,109186,16,69.8
611C86D5,3DB343E2,6,279,734,240,265,0.46,0.52,0.52,0.65,205,101073,16,79.12
611C86D5,2D879E52,7,265,736,249,260,0.6,0.53,0.62,0.65,236,104254,19,77.32
611C86D5,4B912491,8,274,756,230,258,0.58,0.63,0.61,0.69,226,101846,19,75.6
3F72A9F3,3ECEF7F3,1,192,525,203,127,0.65,0.57,0.36,0.43,173,81343,17,83.09
3F72A9F3,6198B2D1,2,205,459,191,229,0.49,0.6,0.38,0.35,159,75612,15,81.04
3F72A9F3,7E38710A,3,145,552,226,104,0.34,0.37,0.49,0.5,116,75129,10,82.71
3F72A9F3,92250150,4,213,570,209,146,0.51,0.42,0.55,0.52,199,69436,17,83.95
3F72A9F3,FC7DC8A0,5,263,657,262,194,0.65,0.74,0.41,0.51,232,87186,22,88.95
3F72A9F3,3DB343E2,6,249,674,217,136,0.62,0.59,0.67,0.63,220,79583,16,79.12
3F72A9F3,2D879E52,7,225,680,210,142,0.58,0.57,0.43,0.47,200,77835,19,88.74
3F72A9F3,4B912491,8,278,724,259,162,0.61,0.54,0.52,0.47,214,92312,19,84.01
BA837798,3ECEF7F3,1,165,727,231,149,0.36,0.4,0.42,0.67,175,105158,12,83.09
BA837798,6198B2D1,2,243,629,183,251,0.46,0.4,0.56,0.65,180,83564,15,84.46
BA837798,7E38710A,3,178,743,246,216,0.52,0.51,0.61,0.77,173,100590,15,73.43
BA837798,92250150,4,216,702,250,153,0.53,0.51,0.68,0.73,189,77783,18,75.2
BA837798,FC7DC8A0,5,193,839,241,212,0.52,0.66,0.54,0.63,212,96925,14,74.15
BA837798,3DB343E2,6,224,713,209,190,0.61,0.53,0.5,0.67,201,96250,17,75.93
BA837798,2D879E52,7,196,652,225,100,0.57,0.46,0.66,0.78,177,82660,17,74.23
BA837798,4B912491,8,247,692,228,169,0.56,0.44,0.63,0.59,205,93562,16,78.21
C36CEDF1,3ECEF7F3,1,249,589,195,216,0.46,0.46,0.38,0.57,158,84211,18,73.78
C36CEDF1,6198B2D1,2,305,661,221,251,0.72,0.74,0.52,0.69,258,99481,22,69
C36CEDF1,7E38710A,3,291,666,214,237,0.61,0.63,0.36,0.41,239,114477,21,68.9
C36CEDF1,92250150,4,260,673,210,136,0.66,0.56,0.53,0.49,235,93793,21,68.18
C36CEDF1,FC7DC8A0,5,286,686,240,223,0.54,0.57,0.56,0.7,226,82840,22,68.7
C36CEDF1,3DB343E2,6,242,670,215,222,0.62,0.65,0.48,0.6,196,84263,19,64.63
C36CEDF1,2D879E52,7,231,789,253,169,0.62,0.6,0.49,0.53,218,95228,19,68.79
C36CEDF1,4B912491,8,232,697,249,207,0.59,0.64,0.53,0.52,207,87953,18,70.66
13FE5766,3ECEF7F3,1,255,663,199,170,0.71,0.64,0.83,0.71,212,85145,20,85.72
13FE5766,6198B2D1,2,269,604,205,227,0.75,0.69,0.67,0.65,236,84678,21,90.89
13FE5766,7E38710A,3,214,552,204,127,0.57,0.38,0.58,0.55,203,69818,17,92.04
13FE5766,92250150,4,265,539,210,167,0.67,0.71,0.58,0.47,216,95347,20,88.1
13FE5766,FC7DC8A0,5,265,768,241,131,0.55,0.68,0.52,0.61,243,95887,24,87.61
13FE5766,3DB343E2,6,217,701,213,195,0.8,0.47,0.77,0.46,213,87768,19,92.27
13FE5766,2D879E52,7,298,770,193,215,0.64,0.61,0.76,0.46,265,96525,18,93.36
13FE5766,4B912491,8,302,848,221,217,0.36,0.6,0.65,0.54,243,116551,21,93.06
3CC940F5,3ECEF7F3,1,185,376,109,127,0.28,0.28,0.31,0.19,98,46504,12,61.04
3CC940F5,6198B2D1,2,87,356,148,124,0.28,0.41,0.38,0.56,77,41001,9,69
3CC940F5,7E38710A,3,182,315,153,196,0.42,0.5,0.31,0.41,92,35554,12,64.47
3CC940F5,92250150,4,179,299,150,266,0.37,0.4,0.44,0.5,97,45978,13,72
3CC940F5,FC7DC8A0,5,193,389,144,136,0.37,0.46,0.49,0.58,117,58244,9,71.88
3CC940F5,3DB343E2,6,160,451,143,136,0.23,0.38,0.34,0.52,72,72026,9,69.88
3CC940F5,2D879E52,7,185,420,175,268,0.41,0.49,0.36,0.31,113,63645,15,67.86
3CC940F5,4B912491,8,164,403,135,234,0.36,0.41,0.36,0.45,88,64791,10,71.74
69AA2409,3ECEF7F3,1,219,374,152,149,0.27,0.36,0.21,0.26,77,68602,10,62.94
69AA2409,6198B2D1,2,221,761,269,232,0.2,0.27,0.22,0.29,81,93076,8,63.5
69AA2409,7E38710A,3,252,666,253,198,0.22,0.33,0.2,0.27,68,91280,10,59.84
69AA2409,92250150,4,336,865,191,220,0.54,0.54,0.38,0.48,189,120652,15,61.12
69AA2409,FC7DC8A0,5,293,606,153,200,0.17,0.26,0.28,0.37,106,94755,12,68.7
69AA2409,3DB343E2,6,270,426,127,248,0.39,0.43,0.39,0.4,141,76438,14,61.36
69AA2409,2D879E52,7,274,649,147,197,0.49,0.55,0.5,0.46,172,90319,17,65.73
69AA2409,4B912491,8,278,531,128,290,0.55,0.6,0.51,0.34,165,84418,17,66.72
EC5BFA62,3ECEF7F3,1,278,698,171,246,0.64,0.61,0.63,0.57,250,102858,22,62.94
EC5BFA62,6198B2D1,2,269,585,156,311,0.61,0.53,0.54,0.34,213,77415,18,59.72
EC5BFA62,7E38710A,3,304,696,161,314,0.67,0.6,0.73,0.61,278,95466,23,59.84
EC5BFA62,92250150,4,239,741,182,230,0.6,0.41,0.58,0.6,213,87874,16,65.31
EC5BFA62,FC7DC8A0,5,172,438,131,168,0.44,0.47,0.6,0.39,159,47992,14,60.09
EC5BFA62,3DB343E2,6,204,511,127,184,0.56,0.42,0.56,0.4,176,69789,15,60.21
EC5BFA62,2D879E52,7,230,641,142,239,0.54,0.48,0.67,0.43,201,86058,17,65.73
EC5BFA62,4B912491,8,207,552,147,217,0.68,0.5,0.72,0.53,174,75746,20,66.72
37C40B2F,3ECEF7F3,1,230,735,175,152,0.59,0.67,0.48,0.49,217,94053,20,64.02
37C40B2F,6198B2D1,2,211,481,121,251,0.66,0.26,0.3,0.33,202,81420,19,61.63
37C40B2F,7E38710A,3,220,461,125,230,0.75,0.5,0.42,0.59,208,51277,21,59.84
37C40B2F,92250150,4,235,592,195,232,0.58,0.43,0.51,0.54,201,90292,20,65.31
37C40B2F,FC7DC8A0,5,185,400,141,131,0.57,0.51,0.6,0.37,136,53175,19,63.44
37C40B2F,3DB343E2,6,179,458,137,200,0.51,0.59,0.54,0.39,150,60200,15,62.45
37C40B2F,2D879E52,7,197,476,179,240,0.59,0.58,0.59,0.54,183,70314,19,65.73
37C40B2F,4B912491,8,193,556,142,175,0.49,0.43,0.36,0.44,181,70169,15,57.88
B235D544,3ECEF7F3,1,150,423,185,185,0.39,0.28,0.26,0.46,144,75344,11,81.25
B235D544,6198B2D1,2,172,486,177,195,0.59,0.47,0.46,0.43,172,69259,19,81.04
B235D544,7E38710A,3,36,357,189,160,0.2,0.24,0.24,0.48,68,73279,6,76.9
B235D544,92250150,4,139,407,193,217,0.33,0.26,0.32,0.35,112,65772,11,77.83
B235D544,FC7DC8A0,5,206,575,208,190,0.19,0.16,0.6,0.67,111,88352,12,71.88
B235D544,3DB343E2,6,174,511,195,195,0.26,0.38,0.29,0.41,120,81704,8,70.89
B235D544,2D879E52,7,139,441,180,199,0.31,0.26,0.31,0.28,101,77362,10,68.79
B235D544,4B912491,8,152,546,203,56,0.32,0.23,0.28,0.48,125,88432,10,69.12
